customer_id,customer_created_at,customer_city,customer_state,customer_tier
CUST-0001,2023-05-18T10:00:00+00:00,Surat,Gujarat,Tier 2
CUST-0002,2022-12-13T10:00:00+00:00,Nagpur,Maharashtra,Tier 2
CUST-0003,2023-07-31T10:00:00+00:00,Bareilly,Uttar Pradesh,Tier 3
CUST-0004,2022-11-27T10:00:00+00:00,Lucknow,Uttar Pradesh,Tier 2
CUST-0005,2023-08-05T10:00:00+00:00,Davanagere,Karnataka,Tier 3
CUST-0006,2024-08-29T10:00:00+00:00,Surat,Gujarat,Tier 2
CUST-0007,2022-07-06T10:00:00+00:00,Surat,Gujarat,Tier 2
CUST-0008,2023-07-17T10:00:00+00:00,Bareilly,Uttar Pradesh,Tier 3
CUST-0009,2023-01-15T10:00:00+00:00,Udaipur,Rajasthan,Tier 3
CUST-0010,2024-01-14T10:00:00+00:00,Lucknow,Uttar Pradesh,Tier 2
CUST-0011,2024-12-18T10:00:00+00:00,Ajmer,Rajasthan,Tier 3
CUST-0012,2024-05-01T10:00:00+00:00,Gwalior,Madhya Pradesh,Tier 3
CUST-0013,2024-04-20T10:00:00+00:00,Udaipur,Rajasthan,Tier 3
CUST-0014,2024-07-17T10:00:00+00:00,Nagpur,Maharashtra,Tier 2
CUST-0015,2022-07-10T10:00:00+00:00,Surat,Gujarat,Tier 2
CUST-0016,2022-10-15T10:00:00+00:00,Nagpur,Maharashtra,Tier 2
CUST-0017,2023-05-22T10:00:00+00:00,Udaipur,Rajasthan,Tier 3
CUST-0018,2023-10-21T10:00:00+00:00,Davanagere,Karnataka,Tier 3
CUST-0019,2022-05-18T10:00:00+00:00,Bareilly,Uttar Pradesh,Tier 3
CUST-0020,2023-12-13T10:00:00+00:00,Jodhpur,Rajasthan,Tier 2
CUST-0021,2024-06-01T10:00:00+00:00,Nagpur,Maharashtra,Tier 2
CUST-0022,2023-02-06T10:00:00+00:00,Gwalior,Madhya Pradesh,Tier 3
CUST-0023,2023-04-25T10:00:00+00:00,Udaipur,Rajasthan,Tier 3
CUST-0024,2023-07-29T10:00:00+00:00,Coimbatore,Tamil Nadu,Tier 2
CUST-0025,2024-01-19T10:00:00+00:00,Jodhpur,Rajasthan,Tier 2
CUST-0026,2024-07-17T10:00:00+00:00,Davanagere,Karnataka,Tier 3
CUST-0027,2022-06-16T10:00:00+00:00,Coimbatore,Tamil Nadu,Tier 2
CUST-0028,2024-11-16T10:00:00+00:00,Tiruppur,Tamil Nadu,Tier 3
CUST-0029,2022-06-19T10:00:00+00:00,Bareilly,Uttar Pradesh,Tier 3
CUST-0030,2022-05-12T10:00:00+00:00,Tiruppur,Tamil Nadu,Tier 3
CUST-0031,2024-05-17T10:00:00+00:00,Ajmer,Rajasthan,Tier 3
CUST-0032,2023-12-13T10:00:00+00:00,Ajmer,Rajasthan,Tier 3
CUST-0033,2024-09-10T10:00:00+00:00,Nagpur,Maharashtra,Tier 2
CUST-0034,2023-06-29T10:00:00+00:00,Bareilly,Uttar Pradesh,Tier 3
CUST-0035,2022-12-12T10:00:00+00:00,Ajmer,Rajasthan,Tier 3
CUST-0036,2024-09-11T10:00:00+00:00,Indore,Madhya Pradesh,Tier 2
CUST-0037,2023-05-17T10:00:00+00:00,Nagpur,Maharashtra,Tier 2
CUST-0038,2024-01-04T10:00:00+00:00,Ajmer,Rajasthan,Tier 3
CUST-0039,2024-10-29T10:00:00+00:00,Surat,Gujarat,Tier 2
CUST-0040,2024-01-24T10:00:00+00:00,Gwalior,Madhya Pradesh,Tier 3
CUST-0041,2023-11-22T10:00:00+00:00,Bareilly,Uttar Pradesh,Tier 3
CUST-0042,2023-06-07T10:00:00+00:00,Ajmer,Rajasthan,Tier 3
CUST-0043,2022-10-24T10:00:00+00:00,Nagpur,Maharashtra,Tier 2
CUST-0044,2023-01-22T10:00:00+00:00,Mysuru,Karnataka,Tier 2
CUST-0045,2022-10-08T10:00:00+00:00,Surat,Gujarat,Tier 2
CUST-0046,2022-07-20T10:00:00+00:00,Lucknow,Uttar Pradesh,Tier 2
CUST-0047,2024-03-15T10:00:00+00:00,Nagpur,Maharashtra,Tier 2
CUST-0048,2024-08-19T10:00:00+00:00,Bareilly,Uttar Pradesh,Tier 3
CUST-0049,2024-04-21T10:00:00+00:00,Jodhpur,Rajasthan,Tier 2
CUST-0050,2024-02-10T10:00:00+00:00,Nagpur,Maharashtra,Tier 2
CUST-0051,2023-11-13T10:00:00+00:00,Jaipur,Rajasthan,Tier 2
CUST-0052,2023-04-04T10:00:00+00:00,Jodhpur,Rajasthan,Tier 2
CUST-0053,2022-12-22T10:00:00+00:00,Nagpur,Maharashtra,Tier 2
CUST-0054,2022-10-17T10:00:00+00:00,Indore,Madhya Pradesh,Tier 2
CUST-0055,2023-09-24T10:00:00+00:00,Tiruppur,Tamil Nadu,Tier 3
CUST-0056,2022-11-26T10:00:00+00:00,Nagpur,Maharashtra,Tier 2
CUST-0057,2024-05-21T10:00:00+00:00,Bareilly,Uttar Pradesh,Tier 3
CUST-0058,2023-05-14T10:00:00+00:00,Davanagere,Karnataka,Tier 3
CUST-0059,2022-12-16T10:00:00+00:00,Jodhpur,Rajasthan,Tier 2
CUST-0060,2023-07-15T10:00:00+00:00,Bareilly,Uttar Pradesh,Tier 3
CUST-0061,2024-01-05T10:00:00+00:00,Surat,Gujarat,Tier 2
CUST-0062,2023-05-07T10:00:00+00:00,Davanagere,Karnataka,Tier 3
CUST-0063,2023-11-26T10:00:00+00:00,Mysuru,Karnataka,Tier 2
CUST-0064,2022-08-26T10:00:00+00:00,Davanagere,Karnataka,Tier 3
CUST-0065,2024-05-06T10:00:00+00:00,Udaipur,Rajasthan,Tier 3
CUST-0066,2024-05-02T10:00:00+00:00,Gwalior,Madhya Pradesh,Tier 3
CUST-0067,2024-08-24T10:00:00+00:00,Davanagere,Karnataka,Tier 3
CUST-0068,2024-04-11T10:00:00+00:00,Nagpur,Maharashtra,Tier 2
CUST-0069,2024-09-23T10:00:00+00:00,Surat,Gujarat,Tier 2
CUST-0070,2022-08-14T10:00:00+00:00,Nagpur,Maharashtra,Tier 2
CUST-0071,2023-08-17T10:00:00+00:00,Surat,Gujarat,Tier 2
CUST-0072,2022-06-05T10:00:00+00:00,Gwalior,Madhya Pradesh,Tier 3
CUST-0073,2023-08-04T10:00:00+00:00,Indore,Madhya Pradesh,Tier 2
CUST-0074,2023-02-27T10:00:00+00:00,Indore,Madhya Pradesh,Tier 2
CUST-0075,2024-12-02T10:00:00+00:00,Gwalior,Madhya Pradesh,Tier 3
CUST-0076,2024-04-02T10:00:00+00:00,Jodhpur,Rajasthan,Tier 2
CUST-0077,2024-08-17T10:00:00+00:00,Indore,Madhya Pradesh,Tier 2
CUST-0078,2022-12-01T10:00:00+00:00,Davanagere,Karnataka,Tier 3
CUST-0079,2023-07-02T10:00:00+00:00,Tiruppur,Tamil Nadu,Tier 3
CUST-0080,2024-08-24T10:00:00+00:00,Indore,Madhya Pradesh,Tier 2
CUST-0081,2023-03-25T10:00:00+00:00,Lucknow,Uttar Pradesh,Tier 2
CUST-0082,2023-10-15T10:00:00+00:00,Lucknow,Uttar Pradesh,Tier 2
CUST-0083,2022-05-24T10:00:00+00:00,Indore,Madhya Pradesh,Tier 2
CUST-0084,2024-12-02T10:00:00+00:00,Davanagere,Karnataka,Tier 3
CUST-0085,2024-07-12T10:00:00+00:00,Gwalior,Madhya Pradesh,Tier 3
CUST-0086,2022-05-12T10:00:00+00:00,Indore,Madhya Pradesh,Tier 2
CUST-0087,2022-08-14T10:00:00+00:00,Ajmer,Rajasthan,Tier 3
CUST-0088,2024-11-02T10:00:00+00:00,Tiruppur,Tamil Nadu,Tier 3
CUST-0089,2024-05-11T10:00:00+00:00,Jaipur,Rajasthan,Tier 2
CUST-0090,2024-07-12T10:00:00+00:00,Bareilly,Uttar Pradesh,Tier 3
CUST-0091,2023-05-02T10:00:00+00:00,Jaipur,Rajasthan,Tier 2
CUST-0092,2024-09-23T10:00:00+00:00,Udaipur,Rajasthan,Tier 3
CUST-0093,2022-04-13T10:00:00+00:00,Jaipur,Rajasthan,Tier 2
CUST-0094,2024-06-12T10:00:00+00:00,Lucknow,Uttar Pradesh,Tier 2
CUST-0095,2023-02-04T10:00:00+00:00,Indore,Madhya Pradesh,Tier 2
CUST-0096,2024-06-25T10:00:00+00:00,Nagpur,Maharashtra,Tier 2
CUST-0097,2022-10-17T10:00:00+00:00,Tiruppur,Tamil Nadu,Tier 3
CUST-0098,2023-09-04T10:00:00+00:00,Lucknow,Uttar Pradesh,Tier 2
CUST-0099,2022-12-13T10:00:00+00:00,Ajmer,Rajasthan,Tier 3
CUST-0100,2023-04-01T10:00:00+00:00,Surat,Gujarat,Tier 2
CUST-0101,2022-11-27T10:00:00+00:00,Surat,Gujarat,Tier 2
CUST-0102,2022-11-21T10:00:00+00:00,Tiruppur,Tamil Nadu,Tier 3
CUST-0103,2024-09-06T10:00:00+00:00,Davanagere,Karnataka,Tier 3
CUST-0104,2023-08-14T10:00:00+00:00,Nagpur,Maharashtra,Tier 2
CUST-0105,2023-02-27T10:00:00+00:00,Tiruppur,Tamil Nadu,Tier 3
CUST-0106,2024-03-18T10:00:00+00:00,Jodhpur,Rajasthan,Tier 2
CUST-0107,2024-12-26T10:00:00+00:00,Jaipur,Rajasthan,Tier 2
CUST-0108,2023-07-23T10:00:00+00:00,Davanagere,Karnataka,Tier 3
CUST-0109,2024-05-25T10:00:00+00:00,Jodhpur,Rajasthan,Tier 2
CUST-0110,2023-05-21T10:00:00+00:00,Jaipur,Rajasthan,Tier 2
CUST-0111,2024-06-22T10:00:00+00:00,Ajmer,Rajasthan,Tier 3
CUST-0112,2023-04-22T10:00:00+00:00,Tiruppur,Tamil Nadu,Tier 3
CUST-0113,2023-11-25T10:00:00+00:00,Davanagere,Karnataka,Tier 3
CUST-0114,2023-10-30T10:00:00+00:00,Jodhpur,Rajasthan,Tier 2
CUST-0115,2024-11-30T10:00:00+00:00,Tiruppur,Tamil Nadu,Tier 3
CUST-0116,2023-10-19T10:00:00+00:00,Tiruppur,Tamil Nadu,Tier 3
CUST-0117,2023-08-23T10:00:00+00:00,Jodhpur,Rajasthan,Tier 2
CUST-0118,2022-07-03T10:00:00+00:00,Ajmer,Rajasthan,Tier 3
CUST-0119,2022-11-11T10:00:00+00:00,Coimbatore,Tamil Nadu,Tier 2
CUST-0120,2022-06-19T10:00:00+00:00,Jodhpur,Rajasthan,Tier 2
CUST-0121,2022-11-04T10:00:00+00:00,Jaipur,Rajasthan,Tier 2
CUST-0122,2022-09-18T10:00:00+00:00,Udaipur,Rajasthan,Tier 3
CUST-0123,2023-10-20T10:00:00+00:00,Ajmer,Rajasthan,Tier 3
CUST-0124,2024-05-01T10:00:00+00:00,Indore,Madhya Pradesh,Tier 2
CUST-0125,2023-09-23T10:00:00+00:00,Jodhpur,Rajasthan,Tier 2
CUST-0126,2023-03-16T10:00:00+00:00,Nagpur,Maharashtra,Tier 2
CUST-0127,2024-01-08T10:00:00+00:00,Udaipur,Rajasthan,Tier 3
CUST-0128,2024-11-04T10:00:00+00:00,Surat,Gujarat,Tier 2
CUST-0129,2022-11-13T10:00:00+00:00,Jodhpur,Rajasthan,Tier 2
CUST-0130,2023-08-25T10:00:00+00:00,Davanagere,Karnataka,Tier 3
CUST-0131,2023-07-29T10:00:00+00:00,Davanagere,Karnataka,Tier 3
CUST-0132,2023-08-01T10:00:00+00:00,Lucknow,Uttar Pradesh,Tier 2
CUST-0133,2023-05-31T10:00:00+00:00,Jaipur,Rajasthan,Tier 2
CUST-0134,2022-07-24T10:00:00+00:00,Mysuru,Karnataka,Tier 2
CUST-0135,2023-11-27T10:00:00+00:00,Ajmer,Rajasthan,Tier 3
CUST-0136,2023-12-28T10:00:00+00:00,Surat,Gujarat,Tier 2
CUST-0137,2024-10-26T10:00:00+00:00,Mysuru,Karnataka,Tier 2
CUST-0138,2022-10-30T10:00:00+00:00,Gwalior,Madhya Pradesh,Tier 3
CUST-0139,2022-09-22T10:00:00+00:00,Davanagere,Karnataka,Tier 3
CUST-0140,2023-06-21T10:00:00+00:00,Mysuru,Karnataka,Tier 2
CUST-0141,2022-09-07T10:00:00+00:00,Gwalior,Madhya Pradesh,Tier 3
CUST-0142,2022-09-01T10:00:00+00:00,Jaipur,Rajasthan,Tier 2
CUST-0143,2023-03-15T10:00:00+00:00,Gwalior,Madhya Pradesh,Tier 3
CUST-0144,2022-08-03T10:00:00+00:00,Jaipur,Rajasthan,Tier 2
CUST-0145,2024-07-22T10:00:00+00:00,Lucknow,Uttar Pradesh,Tier 2
CUST-0146,2022-07-21T10:00:00+00:00,Davanagere,Karnataka,Tier 3
CUST-0147,2024-04-22T10:00:00+00:00,Coimbatore,Tamil Nadu,Tier 2
CUST-0148,2024-02-14T10:00:00+00:00,Surat,Gujarat,Tier 2
CUST-0149,2024-09-20T10:00:00+00:00,Gwalior,Madhya Pradesh,Tier 3
CUST-0150,2023-05-29T10:00:00+00:00,Udaipur,Rajasthan,Tier 3
CUST-0151,2023-02-12T10:00:00+00:00,Udaipur,Rajasthan,Tier 3
CUST-0152,2022-11-06T10:00:00+00:00,Mysuru,Karnataka,Tier 2
CUST-0153,2023-10-23T10:00:00+00:00,Ajmer,Rajasthan,Tier 3
CUST-0154,2024-05-02T10:00:00+00:00,Ajmer,Rajasthan,Tier 3
CUST-0155,2023-08-27T10:00:00+00:00,Bareilly,Uttar Pradesh,Tier 3
CUST-0156,2023-06-08T10:00:00+00:00,Davanagere,Karnataka,Tier 3
CUST-0157,2024-01-08T10:00:00+00:00,Udaipur,Rajasthan,Tier 3
CUST-0158,2022-05-30T10:00:00+00:00,Nagpur,Maharashtra,Tier 2
CUST-0159,2022-08-18T10:00:00+00:00,Udaipur,Rajasthan,Tier 3
CUST-0160,2022-12-11T10:00:00+00:00,Nagpur,Maharashtra,Tier 2
CUST-0161,2022-07-15T10:00:00+00:00,Tiruppur,Tamil Nadu,Tier 3
CUST-0162,2024-03-08T10:00:00+00:00,Bareilly,Uttar Pradesh,Tier 3
CUST-0163,2024-04-05T10:00:00+00:00,Davanagere,Karnataka,Tier 3
CUST-0164,2022-08-20T10:00:00+00:00,Surat,Gujarat,Tier 2
CUST-0165,2024-04-03T10:00:00+00:00,Coimbatore,Tamil Nadu,Tier 2
CUST-0166,2023-10-28T10:00:00+00:00,Tiruppur,Tamil Nadu,Tier 3
CUST-0167,2024-06-08T10:00:00+00:00,Coimbatore,Tamil Nadu,Tier 2
CUST-0168,2024-08-12T10:00:00+00:00,Nagpur,Maharashtra,Tier 2
CUST-0169,2022-11-08T10:00:00+00:00,Surat,Gujarat,Tier 2
CUST-0170,2024-09-06T10:00:00+00:00,Lucknow,Uttar Pradesh,Tier 2
CUST-0171,2023-12-07T10:00:00+00:00,Coimbatore,Tamil Nadu,Tier 2
CUST-0172,2022-11-23T10:00:00+00:00,Davanagere,Karnataka,Tier 3
CUST-0173,2024-08-20T10:00:00+00:00,Indore,Madhya Pradesh,Tier 2
CUST-0174,2023-02-23T10:00:00+00:00,Indore,Madhya Pradesh,Tier 2
CUST-0175,2024-06-16T10:00:00+00:00,Tiruppur,Tamil Nadu,Tier 3
CUST-0176,2022-12-08T10:00:00+00:00,Jodhpur,Rajasthan,Tier 2
CUST-0177,2023-08-28T10:00:00+00:00,Tiruppur,Tamil Nadu,Tier 3
CUST-0178,2024-02-18T10:00:00+00:00,Jaipur,Rajasthan,Tier 2
CUST-0179,2024-01-29T10:00:00+00:00,Gwalior,Madhya Pradesh,Tier 3
CUST-0180,2023-04-16T10:00:00+00:00,Bareilly,Uttar Pradesh,Tier 3
CUST-0181,2024-06-24T10:00:00+00:00,Udaipur,Rajasthan,Tier 3
CUST-0182,2023-05-04T10:00:00+00:00,Bareilly,Uttar Pradesh,Tier 3
CUST-0183,2023-04-03T10:00:00+00:00,Lucknow,Uttar Pradesh,Tier 2
CUST-0184,2024-08-16T10:00:00+00:00,Gwalior,Madhya Pradesh,Tier 3
CUST-0185,2022-04-10T10:00:00+00:00,Ajmer,Rajasthan,Tier 3
CUST-0186,2023-03-20T10:00:00+00:00,Davanagere,Karnataka,Tier 3
CUST-0187,2024-02-11T10:00:00+00:00,Tiruppur,Tamil Nadu,Tier 3
CUST-0188,2022-10-24T10:00:00+00:00,Bareilly,Uttar Pradesh,Tier 3
CUST-0189,2022-06-28T10:00:00+00:00,Nagpur,Maharashtra,Tier 2
CUST-0190,2023-11-21T10:00:00+00:00,Tiruppur,Tamil Nadu,Tier 3
CUST-0191,2023-09-12T10:00:00+00:00,Tiruppur,Tamil Nadu,Tier 3
CUST-0192,2022-12-09T10:00:00+00:00,Jodhpur,Rajasthan,Tier 2
CUST-0193,2023-09-27T10:00:00+00:00,Indore,Madhya Pradesh,Tier 2
CUST-0194,2024-05-27T10:00:00+00:00,Gwalior,Madhya Pradesh,Tier 3
CUST-0195,2023-10-16T10:00:00+00:00,Coimbatore,Tamil Nadu,Tier 2
CUST-0196,2022-12-03T10:00:00+00:00,Lucknow,Uttar Pradesh,Tier 2
CUST-0197,2024-02-20T10:00:00+00:00,Bareilly,Uttar Pradesh,Tier 3
CUST-0198,2024-12-10T10:00:00+00:00,Davanagere,Karnataka,Tier 3
CUST-0199,2024-05-18T10:00:00+00:00,Davanagere,Karnataka,Tier 3
CUST-0200,2023-11-29T10:00:00+00:00,Udaipur,Rajasthan,Tier 3
CUST-0201,2023-02-02T10:00:00+00:00,Ajmer,Rajasthan,Tier 3
CUST-0202,2022-11-18T10:00:00+00:00,Udaipur,Rajasthan,Tier 3
CUST-0203,2022-09-04T10:00:00+00:00,Ajmer,Rajasthan,Tier 3
CUST-0204,2022-09-20T10:00:00+00:00,Gwalior,Madhya Pradesh,Tier 3
CUST-0205,2023-04-16T10:00:00+00:00,Bareilly,Uttar Pradesh,Tier 3
CUST-0206,2023-11-27T10:00:00+00:00,Davanagere,Karnataka,Tier 3
CUST-0207,2022-06-29T10:00:00+00:00,Mysuru,Karnataka,Tier 2
CUST-0208,2024-09-26T10:00:00+00:00,Udaipur,Rajasthan,Tier 3
CUST-0209,2024-09-30T10:00:00+00:00,Jodhpur,Rajasthan,Tier 2
CUST-0210,2024-08-01T10:00:00+00:00,Ajmer,Rajasthan,Tier 3
CUST-0211,2023-03-24T10:00:00+00:00,Ajmer,Rajasthan,Tier 3
CUST-0212,2023-01-03T10:00:00+00:00,Jodhpur,Rajasthan,Tier 2
CUST-0213,2023-09-05T10:00:00+00:00,Jodhpur,Rajasthan,Tier 2
CUST-0214,2022-10-14T10:00:00+00:00,Jaipur,Rajasthan,Tier 2
CUST-0215,2024-07-12T10:00:00+00:00,Mysuru,Karnataka,Tier 2
CUST-0216,2024-02-16T10:00:00+00:00,Udaipur,Rajasthan,Tier 3
CUST-0217,2023-01-16T10:00:00+00:00,Davanagere,Karnataka,Tier 3
CUST-0218,2024-06-16T10:00:00+00:00,Davanagere,Karnataka,Tier 3
CUST-0219,2024-01-24T10:00:00+00:00,Davanagere,Karnataka,Tier 3
CUST-0220,2023-07-09T10:00:00+00:00,Nagpur,Maharashtra,Tier 2
CUST-0221,2024-10-19T10:00:00+00:00,Davanagere,Karnataka,Tier 3
CUST-0222,2024-06-14T10:00:00+00:00,Udaipur,Rajasthan,Tier 3
CUST-0223,2023-01-20T10:00:00+00:00,Indore,Madhya Pradesh,Tier 2
CUST-0224,2024-10-30T10:00:00+00:00,Davanagere,Karnataka,Tier 3
CUST-0225,2022-06-27T10:00:00+00:00,Tiruppur,Tamil Nadu,Tier 3
CUST-0226,2024-03-30T10:00:00+00:00,Mysuru,Karnataka,Tier 2
CUST-0227,2022-08-16T10:00:00+00:00,Tiruppur,Tamil Nadu,Tier 3
CUST-0228,2024-03-15T10:00:00+00:00,Coimbatore,Tamil Nadu,Tier 2
CUST-0229,2022-12-08T10:00:00+00:00,Lucknow,Uttar Pradesh,Tier 2
CUST-0230,2024-07-15T10:00:00+00:00,Mysuru,Karnataka,Tier 2
CUST-0231,2023-06-07T10:00:00+00:00,Surat,Gujarat,Tier 2
CUST-0232,2022-05-12T10:00:00+00:00,Ajmer,Rajasthan,Tier 3
CUST-0233,2022-08-29T10:00:00+00:00,Lucknow,Uttar Pradesh,Tier 2
CUST-0234,2023-11-08T10:00:00+00:00,Ajmer,Rajasthan,Tier 3
CUST-0235,2022-06-14T10:00:00+00:00,Mysuru,Karnataka,Tier 2
CUST-0236,2022-05-27T10:00:00+00:00,Jodhpur,Rajasthan,Tier 2
CUST-0237,2024-04-23T10:00:00+00:00,Nagpur,Maharashtra,Tier 2
CUST-0238,2022-11-24T10:00:00+00:00,Nagpur,Maharashtra,Tier 2
CUST-0239,2022-06-02T10:00:00+00:00,Ajmer,Rajasthan,Tier 3
CUST-0240,2022-11-18T10:00:00+00:00,Udaipur,Rajasthan,Tier 3
CUST-0241,2022-11-24T10:00:00+00:00,Jaipur,Rajasthan,Tier 2
CUST-0242,2024-08-05T10:00:00+00:00,Bareilly,Uttar Pradesh,Tier 3
CUST-0243,2024-06-09T10:00:00+00:00,Davanagere,Karnataka,Tier 3
CUST-0244,2024-10-13T10:00:00+00:00,Davanagere,Karnataka,Tier 3
CUST-0245,2022-07-09T10:00:00+00:00,Lucknow,Uttar Pradesh,Tier 2
CUST-0246,2024-12-20T10:00:00+00:00,Davanagere,Karnataka,Tier 3
CUST-0247,2023-08-07T10:00:00+00:00,Davanagere,Karnataka,Tier 3
CUST-0248,2024-08-13T10:00:00+00:00,Nagpur,Maharashtra,Tier 2
CUST-0249,2023-04-08T10:00:00+00:00,Gwalior,Madhya Pradesh,Tier 3
CUST-0250,2023-05-07T10:00:00+00:00,Jaipur,Rajasthan,Tier 2
CUST-0251,2022-08-23T10:00:00+00:00,Gwalior,Madhya Pradesh,Tier 3
CUST-0252,2024-12-18T10:00:00+00:00,Bareilly,Uttar Pradesh,Tier 3
CUST-0253,2022-05-11T10:00:00+00:00,Lucknow,Uttar Pradesh,Tier 2
CUST-0254,2024-02-29T10:00:00+00:00,Davanagere,Karnataka,Tier 3
CUST-0255,2022-12-09T10:00:00+00:00,Ajmer,Rajasthan,Tier 3
CUST-0256,2023-04-16T10:00:00+00:00,Mysuru,Karnataka,Tier 2
CUST-0257,2022-10-06T10:00:00+00:00,Nagpur,Maharashtra,Tier 2
CUST-0258,2024-11-20T10:00:00+00:00,Davanagere,Karnataka,Tier 3
CUST-0259,2022-11-04T10:00:00+00:00,Jaipur,Rajasthan,Tier 2
CUST-0260,2023-10-04T10:00:00+00:00,Mysuru,Karnataka,Tier 2
CUST-0261,2023-05-05T10:00:00+00:00,Surat,Gujarat,Tier 2
CUST-0262,2024-08-07T10:00:00+00:00,Gwalior,Madhya Pradesh,Tier 3
CUST-0263,2022-12-12T10:00:00+00:00,Coimbatore,Tamil Nadu,Tier 2
CUST-0264,2024-12-03T10:00:00+00:00,Gwalior,Madhya Pradesh,Tier 3
CUST-0265,2022-04-26T10:00:00+00:00,Jodhpur,Rajasthan,Tier 2
CUST-0266,2024-07-22T10:00:00+00:00,Surat,Gujarat,Tier 2
CUST-0267,2024-12-09T10:00:00+00:00,Surat,Gujarat,Tier 2
CUST-0268,2024-07-17T10:00:00+00:00,Tiruppur,Tamil Nadu,Tier 3
CUST-0269,2024-11-15T10:00:00+00:00,Lucknow,Uttar Pradesh,Tier 2
CUST-0270,2022-06-12T10:00:00+00:00,Ajmer,Rajasthan,Tier 3
CUST-0271,2023-10-22T10:00:00+00:00,Mysuru,Karnataka,Tier 2
CUST-0272,2022-11-16T10:00:00+00:00,Indore,Madhya Pradesh,Tier 2
CUST-0273,2023-11-07T10:00:00+00:00,Coimbatore,Tamil Nadu,Tier 2
CUST-0274,2024-04-11T10:00:00+00:00,Lucknow,Uttar Pradesh,Tier 2
CUST-0275,2023-08-11T10:00:00+00:00,Indore,Madhya Pradesh,Tier 2
CUST-0276,2022-08-12T10:00:00+00:00,Jaipur,Rajasthan,Tier 2
CUST-0277,2023-03-20T10:00:00+00:00,Indore,Madhya Pradesh,Tier 2
CUST-0278,2022-12-26T10:00:00+00:00,Ajmer,Rajasthan,Tier 3
CUST-0279,2023-03-08T10:00:00+00:00,Coimbatore,Tamil Nadu,Tier 2
CUST-0280,2024-12-14T10:00:00+00:00,Gwalior,Madhya Pradesh,Tier 3
CUST-0281,2022-11-12T10:00:00+00:00,Mysuru,Karnataka,Tier 2
CUST-0282,2023-05-02T10:00:00+00:00,Nagpur,Maharashtra,Tier 2
CUST-0283,2024-10-22T10:00:00+00:00,Gwalior,Madhya Pradesh,Tier 3
CUST-0284,2024-12-16T10:00:00+00:00,Bareilly,Uttar Pradesh,Tier 3
CUST-0285,2023-01-22T10:00:00+00:00,Gwalior,Madhya Pradesh,Tier 3
CUST-0286,2022-04-08T10:00:00+00:00,Indore,Madhya Pradesh,Tier 2
CUST-0287,2022-09-03T10:00:00+00:00,Bareilly,Uttar Pradesh,Tier 3
CUST-0288,2022-12-22T10:00:00+00:00,Nagpur,Maharashtra,Tier 2
CUST-0289,2024-12-09T10:00:00+00:00,Bareilly,Uttar Pradesh,Tier 3
CUST-0290,2022-12-24T10:00:00+00:00,Coimbatore,Tamil Nadu,Tier 2
CUST-0291,2023-01-18T10:00:00+00:00,Mysuru,Karnataka,Tier 2
CUST-0292,2023-12-16T10:00:00+00:00,Nagpur,Maharashtra,Tier 2
CUST-0293,2022-09-15T10:00:00+00:00,Lucknow,Uttar Pradesh,Tier 2
CUST-0294,2022-08-03T10:00:00+00:00,Davanagere,Karnataka,Tier 3
CUST-0295,2022-05-30T10:00:00+00:00,Jaipur,Rajasthan,Tier 2
CUST-0296,2023-10-22T10:00:00+00:00,Gwalior,Madhya Pradesh,Tier 3
CUST-0297,2023-09-14T10:00:00+00:00,Davanagere,Karnataka,Tier 3
CUST-0298,2023-02-17T10:00:00+00:00,Nagpur,Maharashtra,Tier 2
CUST-0299,2024-02-28T10:00:00+00:00,Davanagere,Karnataka,Tier 3
CUST-0300,2023-11-29T10:00:00+00:00,Nagpur,Maharashtra,Tier 2
CUST-0301,2023-03-01T10:00:00+00:00,Indore,Madhya Pradesh,Tier 2
CUST-0302,2024-03-26T10:00:00+00:00,Coimbatore,Tamil Nadu,Tier 2
CUST-0303,2022-10-30T10:00:00+00:00,Coimbatore,Tamil Nadu,Tier 2
CUST-0304,2024-07-05T10:00:00+00:00,Udaipur,Rajasthan,Tier 3
CUST-0305,2023-05-06T10:00:00+00:00,Nagpur,Maharashtra,Tier 2
CUST-0306,2023-07-13T10:00:00+00:00,Bareilly,Uttar Pradesh,Tier 3
CUST-0307,2022-12-19T10:00:00+00:00,Udaipur,Rajasthan,Tier 3
CUST-0308,2023-07-19T10:00:00+00:00,Ajmer,Rajasthan,Tier 3
CUST-0309,2024-05-08T10:00:00+00:00,Jaipur,Rajasthan,Tier 2
CUST-0310,2023-04-02T10:00:00+00:00,Surat,Gujarat,Tier 2
CUST-0311,2023-07-30T10:00:00+00:00,Bareilly,Uttar Pradesh,Tier 3
CUST-0312,2023-10-25T10:00:00+00:00,Jodhpur,Rajasthan,Tier 2
CUST-0313,2022-10-03T10:00:00+00:00,Udaipur,Rajasthan,Tier 3
CUST-0314,2024-07-17T10:00:00+00:00,Coimbatore,Tamil Nadu,Tier 2
CUST-0315,2024-04-27T10:00:00+00:00,Nagpur,Maharashtra,Tier 2
CUST-0316,2022-06-20T10:00:00+00:00,Nagpur,Maharashtra,Tier 2
CUST-0317,2023-06-11T10:00:00+00:00,Indore,Madhya Pradesh,Tier 2
CUST-0318,2023-02-15T10:00:00+00:00,Jodhpur,Rajasthan,Tier 2
CUST-0319,2024-06-13T10:00:00+00:00,Davanagere,Karnataka,Tier 3
CUST-0320,2022-04-20T10:00:00+00:00,Gwalior,Madhya Pradesh,Tier 3
CUST-0321,2024-11-06T10:00:00+00:00,Mysuru,Karnataka,Tier 2
CUST-0322,2022-09-26T10:00:00+00:00,Jaipur,Rajasthan,Tier 2
CUST-0323,2024-02-08T10:00:00+00:00,Udaipur,Rajasthan,Tier 3
CUST-0324,2024-06-14T10:00:00+00:00,Jodhpur,Rajasthan,Tier 2
CUST-0325,2024-10-05T10:00:00+00:00,Tiruppur,Tamil Nadu,Tier 3
CUST-0326,2024-07-27T10:00:00+00:00,Ajmer,Rajasthan,Tier 3
CUST-0327,2022-12-05T10:00:00+00:00,Nagpur,Maharashtra,Tier 2
CUST-0328,2023-09-28T10:00:00+00:00,Ajmer,Rajasthan,Tier 3
CUST-0329,2024-07-29T10:00:00+00:00,Mysuru,Karnataka,Tier 2
CUST-0330,2023-09-23T10:00:00+00:00,Nagpur,Maharashtra,Tier 2
CUST-0331,2024-09-05T10:00:00+00:00,Lucknow,Uttar Pradesh,Tier 2
CUST-0332,2023-09-11T10:00:00+00:00,Davanagere,Karnataka,Tier 3
CUST-0333,2023-05-23T10:00:00+00:00,Surat,Gujarat,Tier 2
CUST-0334,2022-09-12T10:00:00+00:00,Udaipur,Rajasthan,Tier 3
CUST-0335,2022-10-26T10:00:00+00:00,Lucknow,Uttar Pradesh,Tier 2
CUST-0336,2024-04-06T10:00:00+00:00,Jodhpur,Rajasthan,Tier 2
CUST-0337,2023-01-15T10:00:00+00:00,Gwalior,Madhya Pradesh,Tier 3
CUST-0338,2022-07-27T10:00:00+00:00,Bareilly,Uttar Pradesh,Tier 3
CUST-0339,2024-05-19T10:00:00+00:00,Lucknow,Uttar Pradesh,Tier 2
CUST-0340,2024-02-14T10:00:00+00:00,Udaipur,Rajasthan,Tier 3
CUST-0341,2024-09-06T10:00:00+00:00,Gwalior,Madhya Pradesh,Tier 3
CUST-0342,2024-11-22T10:00:00+00:00,Lucknow,Uttar Pradesh,Tier 2
CUST-0343,2023-06-01T10:00:00+00:00,Coimbatore,Tamil Nadu,Tier 2
CUST-0344,2022-08-26T10:00:00+00:00,Coimbatore,Tamil Nadu,Tier 2
CUST-0345,2023-04-29T10:00:00+00:00,Indore,Madhya Pradesh,Tier 2
CUST-0346,2024-07-19T10:00:00+00:00,Gwalior,Madhya Pradesh,Tier 3
CUST-0347,2023-07-24T10:00:00+00:00,Mysuru,Karnataka,Tier 2
CUST-0348,2024-11-16T10:00:00+00:00,Mysuru,Karnataka,Tier 2
CUST-0349,2022-11-19T10:00:00+00:00,Surat,Gujarat,Tier 2
CUST-0350,2024-11-16T10:00:00+00:00,Jodhpur,Rajasthan,Tier 2
CUST-0351,2024-12-17T10:00:00+00:00,Ajmer,Rajasthan,Tier 3
CUST-0352,2022-09-22T10:00:00+00:00,Davanagere,Karnataka,Tier 3
CUST-0353,2023-09-22T10:00:00+00:00,Davanagere,Karnataka,Tier 3
CUST-0354,2022-05-27T10:00:00+00:00,Udaipur,Rajasthan,Tier 3
CUST-0355,2024-02-26T10:00:00+00:00,Ajmer,Rajasthan,Tier 3
CUST-0356,2024-04-08T10:00:00+00:00,Surat,Gujarat,Tier 2
CUST-0357,2022-12-07T10:00:00+00:00,Coimbatore,Tamil Nadu,Tier 2
CUST-0358,2023-06-20T10:00:00+00:00,Bareilly,Uttar Pradesh,Tier 3
CUST-0359,2023-08-06T10:00:00+00:00,Lucknow,Uttar Pradesh,Tier 2
CUST-0360,2023-10-26T10:00:00+00:00,Lucknow,Uttar Pradesh,Tier 2
CUST-0361,2023-05-19T10:00:00+00:00,Udaipur,Rajasthan,Tier 3
CUST-0362,2023-05-10T10:00:00+00:00,Jaipur,Rajasthan,Tier 2
CUST-0363,2024-08-07T10:00:00+00:00,Bareilly,Uttar Pradesh,Tier 3
CUST-0364,2023-01-16T10:00:00+00:00,Indore,Madhya Pradesh,Tier 2
CUST-0365,2024-02-27T10:00:00+00:00,Indore,Madhya Pradesh,Tier 2
CUST-0366,2024-12-26T10:00:00+00:00,Udaipur,Rajasthan,Tier 3
CUST-0367,2023-10-13T10:00:00+00:00,Mysuru,Karnataka,Tier 2
CUST-0368,2023-05-17T10:00:00+00:00,Coimbatore,Tamil Nadu,Tier 2
CUST-0369,2022-07-18T10:00:00+00:00,Coimbatore,Tamil Nadu,Tier 2
CUST-0370,2024-02-17T10:00:00+00:00,Gwalior,Madhya Pradesh,Tier 3
CUST-0371,2023-11-01T10:00:00+00:00,Tiruppur,Tamil Nadu,Tier 3
CUST-0372,2024-06-05T10:00:00+00:00,Nagpur,Maharashtra,Tier 2
CUST-0373,2024-11-03T10:00:00+00:00,Jaipur,Rajasthan,Tier 2
CUST-0374,2023-04-16T10:00:00+00:00,Coimbatore,Tamil Nadu,Tier 2
CUST-0375,2024-07-11T10:00:00+00:00,Tiruppur,Tamil Nadu,Tier 3
CUST-0376,2022-04-07T10:00:00+00:00,Indore,Madhya Pradesh,Tier 2
CUST-0377,2024-08-10T10:00:00+00:00,Lucknow,Uttar Pradesh,Tier 2
CUST-0378,2023-04-03T10:00:00+00:00,Jodhpur,Rajasthan,Tier 2
CUST-0379,2024-04-05T10:00:00+00:00,Udaipur,Rajasthan,Tier 3
CUST-0380,2024-02-04T10:00:00+00:00,Jodhpur,Rajasthan,Tier 2
CUST-0381,2023-10-10T10:00:00+00:00,Tiruppur,Tamil Nadu,Tier 3
CUST-0382,2023-01-21T10:00:00+00:00,Tiruppur,Tamil Nadu,Tier 3
CUST-0383,2023-01-01T10:00:00+00:00,Bareilly,Uttar Pradesh,Tier 3
CUST-0384,2023-03-17T10:00:00+00:00,Jaipur,Rajasthan,Tier 2
CUST-0385,2022-11-25T10:00:00+00:00,Surat,Gujarat,Tier 2
CUST-0386,2023-05-26T10:00:00+00:00,Surat,Gujarat,Tier 2
CUST-0387,2022-08-06T10:00:00+00:00,Bareilly,Uttar Pradesh,Tier 3
CUST-0388,2023-10-28T10:00:00+00:00,Jaipur,Rajasthan,Tier 2
CUST-0389,2023-08-06T10:00:00+00:00,Gwalior,Madhya Pradesh,Tier 3
CUST-0390,2022-09-13T10:00:00+00:00,Indore,Madhya Pradesh,Tier 2
CUST-0391,2022-07-08T10:00:00+00:00,Udaipur,Rajasthan,Tier 3
CUST-0392,2022-12-03T10:00:00+00:00,Mysuru,Karnataka,Tier 2
CUST-0393,2022-10-02T10:00:00+00:00,Surat,Gujarat,Tier 2
CUST-0394,2022-10-18T10:00:00+00:00,Davanagere,Karnataka,Tier 3
CUST-0395,2023-09-12T10:00:00+00:00,Coimbatore,Tamil Nadu,Tier 2
CUST-0396,2024-09-26T10:00:00+00:00,Ajmer,Rajasthan,Tier 3
CUST-0397,2024-06-06T10:00:00+00:00,Mysuru,Karnataka,Tier 2
CUST-0398,2022-09-23T10:00:00+00:00,Surat,Gujarat,Tier 2
CUST-0399,2022-06-22T10:00:00+00:00,Gwalior,Madhya Pradesh,Tier 3
CUST-0400,2023-08-09T10:00:00+00:00,Tiruppur,Tamil Nadu,Tier 3
CUST-0401,2023-02-15T10:00:00+00:00,Coimbatore,Tamil Nadu,Tier 2
CUST-0402,2022-06-07T10:00:00+00:00,Lucknow,Uttar Pradesh,Tier 2
CUST-0403,2022-07-03T10:00:00+00:00,Jaipur,Rajasthan,Tier 2
CUST-0404,2024-07-07T10:00:00+00:00,Lucknow,Uttar Pradesh,Tier 2
CUST-0405,2023-07-07T10:00:00+00:00,Surat,Gujarat,Tier 2
CUST-0406,2024-03-03T10:00:00+00:00,Coimbatore,Tamil Nadu,Tier 2
CUST-0407,2022-08-22T10:00:00+00:00,Ajmer,Rajasthan,Tier 3
CUST-0408,2022-10-28T10:00:00+00:00,Lucknow,Uttar Pradesh,Tier 2
CUST-0409,2022-08-02T10:00:00+00:00,Bareilly,Uttar Pradesh,Tier 3
CUST-0410,2022-08-19T10:00:00+00:00,Indore,Madhya Pradesh,Tier 2
CUST-0411,2022-11-29T10:00:00+00:00,Indore,Madhya Pradesh,Tier 2
CUST-0412,2023-09-20T10:00:00+00:00,Gwalior,Madhya Pradesh,Tier 3
CUST-0413,2024-06-04T10:00:00+00:00,Davanagere,Karnataka,Tier 3
CUST-0414,2023-08-05T10:00:00+00:00,Nagpur,Maharashtra,Tier 2
CUST-0415,2024-10-19T10:00:00+00:00,Lucknow,Uttar Pradesh,Tier 2
CUST-0416,2022-10-03T10:00:00+00:00,Tiruppur,Tamil Nadu,Tier 3
CUST-0417,2022-04-11T10:00:00+00:00,Indore,Madhya Pradesh,Tier 2
CUST-0418,2024-09-30T10:00:00+00:00,Jaipur,Rajasthan,Tier 2
CUST-0419,2023-06-27T10:00:00+00:00,Udaipur,Rajasthan,Tier 3
CUST-0420,2024-05-26T10:00:00+00:00,Lucknow,Uttar Pradesh,Tier 2
CUST-0421,2024-10-11T10:00:00+00:00,Udaipur,Rajasthan,Tier 3
CUST-0422,2024-04-23T10:00:00+00:00,Mysuru,Karnataka,Tier 2
CUST-0423,2023-05-28T10:00:00+00:00,Ajmer,Rajasthan,Tier 3
CUST-0424,2023-05-16T10:00:00+00:00,Mysuru,Karnataka,Tier 2
CUST-0425,2022-04-25T10:00:00+00:00,Coimbatore,Tamil Nadu,Tier 2
CUST-0426,2023-07-07T10:00:00+00:00,Coimbatore,Tamil Nadu,Tier 2
CUST-0427,2022-05-23T10:00:00+00:00,Nagpur,Maharashtra,Tier 2
CUST-0428,2024-10-04T10:00:00+00:00,Lucknow,Uttar Pradesh,Tier 2
CUST-0429,2024-05-02T10:00:00+00:00,Coimbatore,Tamil Nadu,Tier 2
CUST-0430,2022-06-13T10:00:00+00:00,Bareilly,Uttar Pradesh,Tier 3
CUST-0431,2022-09-06T10:00:00+00:00,Jodhpur,Rajasthan,Tier 2
CUST-0432,2023-12-25T10:00:00+00:00,Lucknow,Uttar Pradesh,Tier 2
CUST-0433,2023-05-07T10:00:00+00:00,Gwalior,Madhya Pradesh,Tier 3
CUST-0434,2023-07-18T10:00:00+00:00,Davanagere,Karnataka,Tier 3
CUST-0435,2023-11-03T10:00:00+00:00,Jodhpur,Rajasthan,Tier 2
CUST-0436,2024-06-30T10:00:00+00:00,Tiruppur,Tamil Nadu,Tier 3
CUST-0437,2022-10-29T10:00:00+00:00,Tiruppur,Tamil Nadu,Tier 3
CUST-0438,2024-11-27T10:00:00+00:00,Ajmer,Rajasthan,Tier 3
CUST-0439,2022-11-28T10:00:00+00:00,Ajmer,Rajasthan,Tier 3
CUST-0440,2024-09-08T10:00:00+00:00,Jaipur,Rajasthan,Tier 2
CUST-0441,2023-02-12T10:00:00+00:00,Bareilly,Uttar Pradesh,Tier 3
CUST-0442,2024-04-27T10:00:00+00:00,Gwalior,Madhya Pradesh,Tier 3
CUST-0443,2023-07-28T10:00:00+00:00,Gwalior,Madhya Pradesh,Tier 3
CUST-0444,2022-06-27T10:00:00+00:00,Jaipur,Rajasthan,Tier 2
CUST-0445,2023-10-25T10:00:00+00:00,Coimbatore,Tamil Nadu,Tier 2
CUST-0446,2022-05-02T10:00:00+00:00,Surat,Gujarat,Tier 2
CUST-0447,2024-02-05T10:00:00+00:00,Jaipur,Rajasthan,Tier 2
CUST-0448,2023-10-02T10:00:00+00:00,Jodhpur,Rajasthan,Tier 2
CUST-0449,2022-07-04T10:00:00+00:00,Udaipur,Rajasthan,Tier 3
CUST-0450,2024-12-25T10:00:00+00:00,Mysuru,Karnataka,Tier 2
CUST-0451,2023-04-18T10:00:00+00:00,Bareilly,Uttar Pradesh,Tier 3
CUST-0452,2024-10-18T10:00:00+00:00,Lucknow,Uttar Pradesh,Tier 2
CUST-0453,2023-03-23T10:00:00+00:00,Indore,Madhya Pradesh,Tier 2
CUST-0454,2022-11-08T10:00:00+00:00,Udaipur,Rajasthan,Tier 3
CUST-0455,2023-10-05T10:00:00+00:00,Udaipur,Rajasthan,Tier 3
CUST-0456,2024-06-22T10:00:00+00:00,Udaipur,Rajasthan,Tier 3
CUST-0457,2024-11-15T10:00:00+00:00,Indore,Madhya Pradesh,Tier 2
CUST-0458,2024-12-14T10:00:00+00:00,Mysuru,Karnataka,Tier 2
CUST-0459,2023-02-22T10:00:00+00:00,Tiruppur,Tamil Nadu,Tier 3
CUST-0460,2023-11-10T10:00:00+00:00,Jaipur,Rajasthan,Tier 2
CUST-0461,2023-02-20T10:00:00+00:00,Lucknow,Uttar Pradesh,Tier 2
CUST-0462,2023-09-20T10:00:00+00:00,Tiruppur,Tamil Nadu,Tier 3
CUST-0463,2023-01-13T10:00:00+00:00,Gwalior,Madhya Pradesh,Tier 3
CUST-0464,2024-09-09T10:00:00+00:00,Lucknow,Uttar Pradesh,Tier 2
CUST-0465,2024-06-14T10:00:00+00:00,Davanagere,Karnataka,Tier 3
CUST-0466,2022-07-31T10:00:00+00:00,Nagpur,Maharashtra,Tier 2
CUST-0467,2024-06-11T10:00:00+00:00,Coimbatore,Tamil Nadu,Tier 2
CUST-0468,2024-08-05T10:00:00+00:00,Coimbatore,Tamil Nadu,Tier 2
CUST-0469,2024-03-10T10:00:00+00:00,Surat,Gujarat,Tier 2
CUST-0470,2022-04-19T10:00:00+00:00,Udaipur,Rajasthan,Tier 3
CUST-0471,2023-09-06T10:00:00+00:00,Gwalior,Madhya Pradesh,Tier 3
CUST-0472,2022-04-23T10:00:00+00:00,Jodhpur,Rajasthan,Tier 2
CUST-0473,2023-05-06T10:00:00+00:00,Surat,Gujarat,Tier 2
CUST-0474,2023-02-09T10:00:00+00:00,Davanagere,Karnataka,Tier 3
CUST-0475,2024-07-19T10:00:00+00:00,Bareilly,Uttar Pradesh,Tier 3
CUST-0476,2023-03-07T10:00:00+00:00,Jaipur,Rajasthan,Tier 2
CUST-0477,2022-05-23T10:00:00+00:00,Lucknow,Uttar Pradesh,Tier 2
CUST-0478,2024-04-11T10:00:00+00:00,Udaipur,Rajasthan,Tier 3
CUST-0479,2022-12-01T10:00:00+00:00,Gwalior,Madhya Pradesh,Tier 3
CUST-0480,2024-11-10T10:00:00+00:00,Lucknow,Uttar Pradesh,Tier 2
CUST-0481,2023-04-25T10:00:00+00:00,Nagpur,Maharashtra,Tier 2
CUST-0482,2024-11-04T10:00:00+00:00,Bareilly,Uttar Pradesh,Tier 3
CUST-0483,2023-04-17T10:00:00+00:00,Gwalior,Madhya Pradesh,Tier 3
CUST-0484,2023-09-06T10:00:00+00:00,Mysuru,Karnataka,Tier 2
CUST-0485,2024-05-31T10:00:00+00:00,Lucknow,Uttar Pradesh,Tier 2
CUST-0486,2024-09-02T10:00:00+00:00,Nagpur,Maharashtra,Tier 2
CUST-0487,2023-11-10T10:00:00+00:00,Lucknow,Uttar Pradesh,Tier 2
CUST-0488,2023-12-14T10:00:00+00:00,Jaipur,Rajasthan,Tier 2
CUST-0489,2023-09-18T10:00:00+00:00,Surat,Gujarat,Tier 2
CUST-0490,2022-09-14T10:00:00+00:00,Tiruppur,Tamil Nadu,Tier 3
CUST-0491,2024-06-20T10:00:00+00:00,Mysuru,Karnataka,Tier 2
CUST-0492,2023-10-09T10:00:00+00:00,Mysuru,Karnataka,Tier 2
CUST-0493,2022-07-20T10:00:00+00:00,Jodhpur,Rajasthan,Tier 2
CUST-0494,2023-08-19T10:00:00+00:00,Surat,Gujarat,Tier 2
CUST-0495,2024-09-04T10:00:00+00:00,Jaipur,Rajasthan,Tier 2
CUST-0496,2023-08-11T10:00:00+00:00,Ajmer,Rajasthan,Tier 3
CUST-0497,2024-07-25T10:00:00+00:00,Gwalior,Madhya Pradesh,Tier 3
CUST-0498,2022-09-15T10:00:00+00:00,Davanagere,Karnataka,Tier 3
CUST-0499,2022-04-25T10:00:00+00:00,Jaipur,Rajasthan,Tier 2
CUST-0500,2022-05-01T10:00:00+00:00,Tiruppur,Tamil Nadu,Tier 3
CUST-0501,2023-08-03T10:00:00+00:00,Jodhpur,Rajasthan,Tier 2
CUST-0502,2022-07-03T10:00:00+00:00,Bareilly,Uttar Pradesh,Tier 3
CUST-0503,2022-09-05T10:00:00+00:00,Nagpur,Maharashtra,Tier 2
CUST-0504,2024-11-16T10:00:00+00:00,Nagpur,Maharashtra,Tier 2
CUST-0505,2023-12-06T10:00:00+00:00,Ajmer,Rajasthan,Tier 3
CUST-0506,2022-06-10T10:00:00+00:00,Indore,Madhya Pradesh,Tier 2
CUST-0507,2024-06-20T10:00:00+00:00,Ajmer,Rajasthan,Tier 3
CUST-0508,2024-06-21T10:00:00+00:00,Bareilly,Uttar Pradesh,Tier 3
CUST-0509,2022-06-17T10:00:00+00:00,Ajmer,Rajasthan,Tier 3
CUST-0510,2022-07-26T10:00:00+00:00,Jaipur,Rajasthan,Tier 2
CUST-0511,2024-05-30T10:00:00+00:00,Bareilly,Uttar Pradesh,Tier 3
CUST-0512,2022-11-05T10:00:00+00:00,Indore,Madhya Pradesh,Tier 2
CUST-0513,2023-09-16T10:00:00+00:00,Tiruppur,Tamil Nadu,Tier 3
CUST-0514,2024-03-16T10:00:00+00:00,Indore,Madhya Pradesh,Tier 2
CUST-0515,2024-11-30T10:00:00+00:00,Coimbatore,Tamil Nadu,Tier 2
CUST-0516,2024-02-06T10:00:00+00:00,Jodhpur,Rajasthan,Tier 2
CUST-0517,2023-11-18T10:00:00+00:00,Nagpur,Maharashtra,Tier 2
CUST-0518,2023-07-22T10:00:00+00:00,Mysuru,Karnataka,Tier 2
CUST-0519,2023-05-01T10:00:00+00:00,Surat,Gujarat,Tier 2
CUST-0520,2024-09-09T10:00:00+00:00,Jodhpur,Rajasthan,Tier 2
CUST-0521,2023-11-07T10:00:00+00:00,Jaipur,Rajasthan,Tier 2
CUST-0522,2023-05-21T10:00:00+00:00,Ajmer,Rajasthan,Tier 3
CUST-0523,2023-01-29T10:00:00+00:00,Bareilly,Uttar Pradesh,Tier 3
CUST-0524,2024-06-22T10:00:00+00:00,Jaipur,Rajasthan,Tier 2
CUST-0525,2024-04-09T10:00:00+00:00,Jodhpur,Rajasthan,Tier 2
CUST-0526,2023-02-10T10:00:00+00:00,Indore,Madhya Pradesh,Tier 2
CUST-0527,2023-09-13T10:00:00+00:00,Ajmer,Rajasthan,Tier 3
CUST-0528,2022-10-03T10:00:00+00:00,Tiruppur,Tamil Nadu,Tier 3
CUST-0529,2022-08-21T10:00:00+00:00,Udaipur,Rajasthan,Tier 3
CUST-0530,2022-10-23T10:00:00+00:00,Surat,Gujarat,Tier 2
CUST-0531,2024-11-27T10:00:00+00:00,Gwalior,Madhya Pradesh,Tier 3
CUST-0532,2024-04-23T10:00:00+00:00,Indore,Madhya Pradesh,Tier 2
CUST-0533,2023-07-02T10:00:00+00:00,Davanagere,Karnataka,Tier 3
CUST-0534,2023-12-10T10:00:00+00:00,Jaipur,Rajasthan,Tier 2
CUST-0535,2023-10-07T10:00:00+00:00,Jodhpur,Rajasthan,Tier 2
CUST-0536,2022-10-10T10:00:00+00:00,Ajmer,Rajasthan,Tier 3
CUST-0537,2023-06-02T10:00:00+00:00,Coimbatore,Tamil Nadu,Tier 2
CUST-0538,2022-12-28T10:00:00+00:00,Nagpur,Maharashtra,Tier 2
CUST-0539,2023-10-01T10:00:00+00:00,Tiruppur,Tamil Nadu,Tier 3
CUST-0540,2024-03-18T10:00:00+00:00,Tiruppur,Tamil Nadu,Tier 3
CUST-0541,2024-02-02T10:00:00+00:00,Davanagere,Karnataka,Tier 3
CUST-0542,2022-08-20T10:00:00+00:00,Lucknow,Uttar Pradesh,Tier 2
CUST-0543,2024-02-19T10:00:00+00:00,Indore,Madhya Pradesh,Tier 2
CUST-0544,2022-10-09T10:00:00+00:00,Davanagere,Karnataka,Tier 3
CUST-0545,2023-01-14T10:00:00+00:00,Jodhpur,Rajasthan,Tier 2
CUST-0546,2024-05-13T10:00:00+00:00,Jodhpur,Rajasthan,Tier 2
CUST-0547,2023-05-09T10:00:00+00:00,Ajmer,Rajasthan,Tier 3
CUST-0548,2022-12-10T10:00:00+00:00,Gwalior,Madhya Pradesh,Tier 3
CUST-0549,2024-06-25T10:00:00+00:00,Udaipur,Rajasthan,Tier 3
CUST-0550,2023-12-21T10:00:00+00:00,Mysuru,Karnataka,Tier 2
CUST-0551,2023-04-03T10:00:00+00:00,Mysuru,Karnataka,Tier 2
CUST-0552,2024-10-30T10:00:00+00:00,Ajmer,Rajasthan,Tier 3
CUST-0553,2024-10-22T10:00:00+00:00,Gwalior,Madhya Pradesh,Tier 3
CUST-0554,2023-02-28T10:00:00+00:00,Ajmer,Rajasthan,Tier 3
CUST-0555,2024-02-11T10:00:00+00:00,Davanagere,Karnataka,Tier 3
CUST-0556,2022-11-29T10:00:00+00:00,Coimbatore,Tamil Nadu,Tier 2
CUST-0557,2023-05-05T10:00:00+00:00,Jaipur,Rajasthan,Tier 2
CUST-0558,2023-05-02T10:00:00+00:00,Tiruppur,Tamil Nadu,Tier 3
CUST-0559,2022-05-14T10:00:00+00:00,Surat,Gujarat,Tier 2
CUST-0560,2024-08-31T10:00:00+00:00,Gwalior,Madhya Pradesh,Tier 3
CUST-0561,2023-04-03T10:00:00+00:00,Ajmer,Rajasthan,Tier 3
CUST-0562,2023-01-07T10:00:00+00:00,Gwalior,Madhya Pradesh,Tier 3
CUST-0563,2023-06-17T10:00:00+00:00,Jaipur,Rajasthan,Tier 2
CUST-0564,2023-11-29T10:00:00+00:00,Lucknow,Uttar Pradesh,Tier 2
CUST-0565,2024-07-21T10:00:00+00:00,Tiruppur,Tamil Nadu,Tier 3
CUST-0566,2024-07-04T10:00:00+00:00,Surat,Gujarat,Tier 2
CUST-0567,2023-05-15T10:00:00+00:00,Coimbatore,Tamil Nadu,Tier 2
CUST-0568,2022-08-17T10:00:00+00:00,Udaipur,Rajasthan,Tier 3
CUST-0569,2024-04-06T10:00:00+00:00,Bareilly,Uttar Pradesh,Tier 3
CUST-0570,2022-08-24T10:00:00+00:00,Indore,Madhya Pradesh,Tier 2
CUST-0571,2024-08-23T10:00:00+00:00,Udaipur,Rajasthan,Tier 3
CUST-0572,2022-04-28T10:00:00+00:00,Nagpur,Maharashtra,Tier 2
CUST-0573,2023-12-21T10:00:00+00:00,Mysuru,Karnataka,Tier 2
CUST-0574,2024-06-19T10:00:00+00:00,Mysuru,Karnataka,Tier 2
CUST-0575,2023-04-25T10:00:00+00:00,Bareilly,Uttar Pradesh,Tier 3
CUST-0576,2023-09-13T10:00:00+00:00,Jaipur,Rajasthan,Tier 2
CUST-0577,2023-08-06T10:00:00+00:00,Gwalior,Madhya Pradesh,Tier 3
CUST-0578,2024-12-12T10:00:00+00:00,Surat,Gujarat,Tier 2
CUST-0579,2024-10-06T10:00:00+00:00,Udaipur,Rajasthan,Tier 3
CUST-0580,2023-06-07T10:00:00+00:00,Surat,Gujarat,Tier 2
CUST-0581,2023-06-17T10:00:00+00:00,Mysuru,Karnataka,Tier 2
CUST-0582,2022-06-22T10:00:00+00:00,Gwalior,Madhya Pradesh,Tier 3
CUST-0583,2024-07-31T10:00:00+00:00,Surat,Gujarat,Tier 2
CUST-0584,2023-09-22T10:00:00+00:00,Ajmer,Rajasthan,Tier 3
CUST-0585,2023-04-23T10:00:00+00:00,Jodhpur,Rajasthan,Tier 2
CUST-0586,2023-08-01T10:00:00+00:00,Davanagere,Karnataka,Tier 3
CUST-0587,2024-07-05T10:00:00+00:00,Nagpur,Maharashtra,Tier 2
CUST-0588,2022-12-27T10:00:00+00:00,Nagpur,Maharashtra,Tier 2
CUST-0589,2023-03-08T10:00:00+00:00,Coimbatore,Tamil Nadu,Tier 2
CUST-0590,2023-11-13T10:00:00+00:00,Jaipur,Rajasthan,Tier 2
CUST-0591,2023-11-18T10:00:00+00:00,Surat,Gujarat,Tier 2
CUST-0592,2024-04-25T10:00:00+00:00,Tiruppur,Tamil Nadu,Tier 3
CUST-0593,2023-10-18T10:00:00+00:00,Lucknow,Uttar Pradesh,Tier 2
CUST-0594,2023-11-18T10:00:00+00:00,Mysuru,Karnataka,Tier 2
CUST-0595,2024-08-30T10:00:00+00:00,Indore,Madhya Pradesh,Tier 2
CUST-0596,2023-08-11T10:00:00+00:00,Jaipur,Rajasthan,Tier 2
CUST-0597,2022-08-24T10:00:00+00:00,Lucknow,Uttar Pradesh,Tier 2
CUST-0598,2023-03-28T10:00:00+00:00,Udaipur,Rajasthan,Tier 3
CUST-0599,2024-09-15T10:00:00+00:00,Mysuru,Karnataka,Tier 2
CUST-0600,2022-09-29T10:00:00+00:00,Surat,Gujarat,Tier 2
CUST-0601,2022-04-25T10:00:00+00:00,Surat,Gujarat,Tier 2
CUST-0602,2024-07-19T10:00:00+00:00,Udaipur,Rajasthan,Tier 3
CUST-0603,2022-06-24T10:00:00+00:00,Bareilly,Uttar Pradesh,Tier 3
CUST-0604,2024-12-12T10:00:00+00:00,Gwalior,Madhya Pradesh,Tier 3
CUST-0605,2022-11-09T10:00:00+00:00,Surat,Gujarat,Tier 2
CUST-0606,2024-09-27T10:00:00+00:00,Ajmer,Rajasthan,Tier 3
CUST-0607,2023-09-17T10:00:00+00:00,Lucknow,Uttar Pradesh,Tier 2
CUST-0608,2023-12-04T10:00:00+00:00,Udaipur,Rajasthan,Tier 3
CUST-0609,2023-05-29T10:00:00+00:00,Gwalior,Madhya Pradesh,Tier 3
CUST-0610,2022-09-09T10:00:00+00:00,Ajmer,Rajasthan,Tier 3
CUST-0611,2022-07-22T10:00:00+00:00,Tiruppur,Tamil Nadu,Tier 3
CUST-0612,2024-01-09T10:00:00+00:00,Lucknow,Uttar Pradesh,Tier 2
CUST-0613,2023-05-19T10:00:00+00:00,Indore,Madhya Pradesh,Tier 2
CUST-0614,2023-01-10T10:00:00+00:00,Ajmer,Rajasthan,Tier 3
CUST-0615,2024-04-26T10:00:00+00:00,Jodhpur,Rajasthan,Tier 2
CUST-0616,2022-06-05T10:00:00+00:00,Tiruppur,Tamil Nadu,Tier 3
CUST-0617,2022-07-30T10:00:00+00:00,Davanagere,Karnataka,Tier 3
CUST-0618,2024-08-19T10:00:00+00:00,Gwalior,Madhya Pradesh,Tier 3
CUST-0619,2023-11-02T10:00:00+00:00,Coimbatore,Tamil Nadu,Tier 2
CUST-0620,2024-12-09T10:00:00+00:00,Surat,Gujarat,Tier 2
CUST-0621,2022-08-11T10:00:00+00:00,Gwalior,Madhya Pradesh,Tier 3
CUST-0622,2024-01-05T10:00:00+00:00,Mysuru,Karnataka,Tier 2
CUST-0623,2022-08-01T10:00:00+00:00,Ajmer,Rajasthan,Tier 3
CUST-0624,2024-08-28T10:00:00+00:00,Surat,Gujarat,Tier 2
CUST-0625,2022-12-17T10:00:00+00:00,Lucknow,Uttar Pradesh,Tier 2
CUST-0626,2023-06-20T10:00:00+00:00,Tiruppur,Tamil Nadu,Tier 3
CUST-0627,2023-06-01T10:00:00+00:00,Mysuru,Karnataka,Tier 2
CUST-0628,2024-07-18T10:00:00+00:00,Udaipur,Rajasthan,Tier 3
CUST-0629,2023-04-16T10:00:00+00:00,Bareilly,Uttar Pradesh,Tier 3
CUST-0630,2023-01-22T10:00:00+00:00,Jodhpur,Rajasthan,Tier 2
CUST-0631,2022-09-07T10:00:00+00:00,Udaipur,Rajasthan,Tier 3
CUST-0632,2022-04-11T10:00:00+00:00,Ajmer,Rajasthan,Tier 3
CUST-0633,2023-01-18T10:00:00+00:00,Surat,Gujarat,Tier 2
CUST-0634,2024-09-02T10:00:00+00:00,Surat,Gujarat,Tier 2
CUST-0635,2022-11-27T10:00:00+00:00,Udaipur,Rajasthan,Tier 3
CUST-0636,2024-08-17T10:00:00+00:00,Davanagere,Karnataka,Tier 3
CUST-0637,2023-12-04T10:00:00+00:00,Tiruppur,Tamil Nadu,Tier 3
CUST-0638,2022-11-23T10:00:00+00:00,Gwalior,Madhya Pradesh,Tier 3
CUST-0639,2022-04-27T10:00:00+00:00,Lucknow,Uttar Pradesh,Tier 2
CUST-0640,2024-12-02T10:00:00+00:00,Davanagere,Karnataka,Tier 3
CUST-0641,2022-10-22T10:00:00+00:00,Delhi,Delhi,Tier 1
CUST-0642,2024-07-21T10:00:00+00:00,Mumbai,Maharashtra,Tier 1
CUST-0643,2022-08-07T10:00:00+00:00,Mumbai,Maharashtra,Tier 1
CUST-0644,2024-03-06T10:00:00+00:00,Bengaluru,Karnataka,Tier 1
CUST-0645,2022-11-08T10:00:00+00:00,Mumbai,Maharashtra,Tier 1
CUST-0646,2023-01-15T10:00:00+00:00,Hyderabad,Telangana,Tier 1
CUST-0647,2023-09-20T10:00:00+00:00,Mumbai,Maharashtra,Tier 1
CUST-0648,2023-04-02T10:00:00+00:00,Mumbai,Maharashtra,Tier 1
CUST-0649,2022-05-23T10:00:00+00:00,Bengaluru,Karnataka,Tier 1
CUST-0650,2024-06-01T10:00:00+00:00,Delhi,Delhi,Tier 1
CUST-0651,2023-02-23T10:00:00+00:00,Bengaluru,Karnataka,Tier 1
CUST-0652,2022-04-29T10:00:00+00:00,Hyderabad,Telangana,Tier 1
CUST-0653,2022-10-12T10:00:00+00:00,Bengaluru,Karnataka,Tier 1
CUST-0654,2024-05-11T10:00:00+00:00,Hyderabad,Telangana,Tier 1
CUST-0655,2022-07-07T10:00:00+00:00,Hyderabad,Telangana,Tier 1
CUST-0656,2023-12-16T10:00:00+00:00,Bengaluru,Karnataka,Tier 1
CUST-0657,2023-10-17T10:00:00+00:00,Bengaluru,Karnataka,Tier 1
CUST-0658,2024-01-15T10:00:00+00:00,Delhi,Delhi,Tier 1
CUST-0659,2022-11-14T10:00:00+00:00,Mumbai,Maharashtra,Tier 1
CUST-0660,2023-06-27T10:00:00+00:00,Bengaluru,Karnataka,Tier 1
CUST-0661,2022-08-01T10:00:00+00:00,Hyderabad,Telangana,Tier 1
CUST-0662,2023-01-15T10:00:00+00:00,Bengaluru,Karnataka,Tier 1
CUST-0663,2022-08-09T10:00:00+00:00,Bengaluru,Karnataka,Tier 1
CUST-0664,2023-01-15T10:00:00+00:00,Bengaluru,Karnataka,Tier 1
CUST-0665,2022-12-10T10:00:00+00:00,Delhi,Delhi,Tier 1
CUST-0666,2022-09-14T10:00:00+00:00,Delhi,Delhi,Tier 1
CUST-0667,2022-09-19T10:00:00+00:00,Hyderabad,Telangana,Tier 1
CUST-0668,2023-09-04T10:00:00+00:00,Delhi,Delhi,Tier 1
CUST-0669,2023-12-07T10:00:00+00:00,Delhi,Delhi,Tier 1
CUST-0670,2024-05-28T10:00:00+00:00,Hyderabad,Telangana,Tier 1
CUST-0671,2023-08-25T10:00:00+00:00,Bengaluru,Karnataka,Tier 1
CUST-0672,2024-06-06T10:00:00+00:00,Hyderabad,Telangana,Tier 1
CUST-0673,2024-09-06T10:00:00+00:00,Mumbai,Maharashtra,Tier 1
CUST-0674,2023-01-05T10:00:00+00:00,Mumbai,Maharashtra,Tier 1
CUST-0675,2023-10-14T10:00:00+00:00,Mumbai,Maharashtra,Tier 1
CUST-0676,2023-03-26T10:00:00+00:00,Bengaluru,Karnataka,Tier 1
CUST-0677,2024-06-02T10:00:00+00:00,Mumbai,Maharashtra,Tier 1
CUST-0678,2022-07-19T10:00:00+00:00,Hyderabad,Telangana,Tier 1
CUST-0679,2024-03-19T10:00:00+00:00,Mumbai,Maharashtra,Tier 1
CUST-0680,2024-05-08T10:00:00+00:00,Delhi,Delhi,Tier 1
CUST-0681,2022-10-08T10:00:00+00:00,Hyderabad,Telangana,Tier 1
CUST-0682,2023-11-03T10:00:00+00:00,Hyderabad,Telangana,Tier 1
CUST-0683,2023-05-27T10:00:00+00:00,Bengaluru,Karnataka,Tier 1
CUST-0684,2023-12-22T10:00:00+00:00,Delhi,Delhi,Tier 1
CUST-0685,2022-05-02T10:00:00+00:00,Mumbai,Maharashtra,Tier 1
CUST-0686,2024-06-10T10:00:00+00:00,Mumbai,Maharashtra,Tier 1
CUST-0687,2024-11-03T10:00:00+00:00,Hyderabad,Telangana,Tier 1
CUST-0688,2024-07-04T10:00:00+00:00,Hyderabad,Telangana,Tier 1
CUST-0689,2024-12-31T10:00:00+00:00,Bengaluru,Karnataka,Tier 1
CUST-0690,2023-08-09T10:00:00+00:00,Hyderabad,Telangana,Tier 1
CUST-0691,2023-06-18T10:00:00+00:00,Bengaluru,Karnataka,Tier 1
CUST-0692,2023-10-05T10:00:00+00:00,Delhi,Delhi,Tier 1
CUST-0693,2024-09-28T10:00:00+00:00,Mumbai,Maharashtra,Tier 1
CUST-0694,2022-05-08T10:00:00+00:00,Mumbai,Maharashtra,Tier 1
CUST-0695,2024-02-17T10:00:00+00:00,Bengaluru,Karnataka,Tier 1
CUST-0696,2023-07-06T10:00:00+00:00,Bengaluru,Karnataka,Tier 1
CUST-0697,2024-11-28T10:00:00+00:00,Delhi,Delhi,Tier 1
CUST-0698,2022-04-21T10:00:00+00:00,Hyderabad,Telangana,Tier 1
CUST-0699,2023-02-25T10:00:00+00:00,Bengaluru,Karnataka,Tier 1
CUST-0700,2023-12-29T10:00:00+00:00,Hyderabad,Telangana,Tier 1
CUST-0701,2024-01-21T10:00:00+00:00,Mumbai,Maharashtra,Tier 1
CUST-0702,2024-03-10T10:00:00+00:00,Delhi,Delhi,Tier 1
CUST-0703,2023-12-08T10:00:00+00:00,Delhi,Delhi,Tier 1
CUST-0704,2024-10-21T10:00:00+00:00,Bengaluru,Karnataka,Tier 1
CUST-0705,2022-06-11T10:00:00+00:00,Mumbai,Maharashtra,Tier 1
CUST-0706,2024-07-01T10:00:00+00:00,Delhi,Delhi,Tier 1
CUST-0707,2023-12-19T10:00:00+00:00,Hyderabad,Telangana,Tier 1
CUST-0708,2023-01-25T10:00:00+00:00,Bengaluru,Karnataka,Tier 1
CUST-0709,2023-11-16T10:00:00+00:00,Bengaluru,Karnataka,Tier 1
CUST-0710,2023-03-25T10:00:00+00:00,Mumbai,Maharashtra,Tier 1
CUST-0711,2024-06-15T10:00:00+00:00,Mumbai,Maharashtra,Tier 1
CUST-0712,2023-07-28T10:00:00+00:00,Delhi,Delhi,Tier 1
CUST-0713,2023-12-15T10:00:00+00:00,Delhi,Delhi,Tier 1
CUST-0714,2023-08-20T10:00:00+00:00,Bengaluru,Karnataka,Tier 1
CUST-0715,2023-10-28T10:00:00+00:00,Bengaluru,Karnataka,Tier 1
CUST-0716,2023-09-12T10:00:00+00:00,Hyderabad,Telangana,Tier 1
CUST-0717,2024-02-01T10:00:00+00:00,Delhi,Delhi,Tier 1
CUST-0718,2023-01-22T10:00:00+00:00,Hyderabad,Telangana,Tier 1
CUST-0719,2023-08-14T10:00:00+00:00,Hyderabad,Telangana,Tier 1
CUST-0720,2023-01-07T10:00:00+00:00,Bengaluru,Karnataka,Tier 1
CUST-0721,2023-12-04T10:00:00+00:00,Mumbai,Maharashtra,Tier 1
CUST-0722,2024-11-03T10:00:00+00:00,Bengaluru,Karnataka,Tier 1
CUST-0723,2023-03-28T10:00:00+00:00,Bengaluru,Karnataka,Tier 1
CUST-0724,2024-01-24T10:00:00+00:00,Bengaluru,Karnataka,Tier 1
CUST-0725,2023-06-10T10:00:00+00:00,Hyderabad,Telangana,Tier 1
CUST-0726,2023-01-17T10:00:00+00:00,Hyderabad,Telangana,Tier 1
CUST-0727,2024-08-23T10:00:00+00:00,Delhi,Delhi,Tier 1
CUST-0728,2024-11-30T10:00:00+00:00,Delhi,Delhi,Tier 1
CUST-0729,2022-09-01T10:00:00+00:00,Delhi,Delhi,Tier 1
CUST-0730,2024-06-03T10:00:00+00:00,Mumbai,Maharashtra,Tier 1
CUST-0731,2024-12-24T10:00:00+00:00,Mumbai,Maharashtra,Tier 1
CUST-0732,2023-08-20T10:00:00+00:00,Mumbai,Maharashtra,Tier 1
CUST-0733,2022-11-17T10:00:00+00:00,Bengaluru,Karnataka,Tier 1
CUST-0734,2024-10-09T10:00:00+00:00,Bengaluru,Karnataka,Tier 1
CUST-0735,2024-04-24T10:00:00+00:00,Mumbai,Maharashtra,Tier 1
CUST-0736,2024-03-03T10:00:00+00:00,Hyderabad,Telangana,Tier 1
CUST-0737,2023-03-17T10:00:00+00:00,Bengaluru,Karnataka,Tier 1
CUST-0738,2023-04-23T10:00:00+00:00,Bengaluru,Karnataka,Tier 1
CUST-0739,2024-06-25T10:00:00+00:00,Mumbai,Maharashtra,Tier 1
CUST-0740,2022-11-21T10:00:00+00:00,Mumbai,Maharashtra,Tier 1
CUST-0741,2022-10-09T10:00:00+00:00,Bengaluru,Karnataka,Tier 1
CUST-0742,2023-09-25T10:00:00+00:00,Delhi,Delhi,Tier 1
CUST-0743,2023-12-07T10:00:00+00:00,Bengaluru,Karnataka,Tier 1
CUST-0744,2024-10-20T10:00:00+00:00,Bengaluru,Karnataka,Tier 1
CUST-0745,2023-03-27T10:00:00+00:00,Bengaluru,Karnataka,Tier 1
CUST-0746,2023-01-27T10:00:00+00:00,Bengaluru,Karnataka,Tier 1
CUST-0747,2023-05-24T10:00:00+00:00,Hyderabad,Telangana,Tier 1
CUST-0748,2022-07-17T10:00:00+00:00,Bengaluru,Karnataka,Tier 1
CUST-0749,2024-07-14T10:00:00+00:00,Mumbai,Maharashtra,Tier 1
CUST-0750,2023-01-26T10:00:00+00:00,Mumbai,Maharashtra,Tier 1
CUST-0751,2022-10-19T10:00:00+00:00,Mumbai,Maharashtra,Tier 1
CUST-0752,2022-08-23T10:00:00+00:00,Bengaluru,Karnataka,Tier 1
CUST-0753,2023-05-02T10:00:00+00:00,Delhi,Delhi,Tier 1
CUST-0754,2023-02-08T10:00:00+00:00,Delhi,Delhi,Tier 1
CUST-0755,2024-09-09T10:00:00+00:00,Hyderabad,Telangana,Tier 1
CUST-0756,2024-04-18T10:00:00+00:00,Hyderabad,Telangana,Tier 1
CUST-0757,2023-11-10T10:00:00+00:00,Hyderabad,Telangana,Tier 1
CUST-0758,2023-05-15T10:00:00+00:00,Bengaluru,Karnataka,Tier 1
CUST-0759,2024-02-22T10:00:00+00:00,Bengaluru,Karnataka,Tier 1
CUST-0760,2022-05-20T10:00:00+00:00,Delhi,Delhi,Tier 1
CUST-0761,2024-09-07T10:00:00+00:00,Mumbai,Maharashtra,Tier 1
CUST-0762,2023-06-04T10:00:00+00:00,Hyderabad,Telangana,Tier 1
CUST-0763,2024-09-15T10:00:00+00:00,Mumbai,Maharashtra,Tier 1
CUST-0764,2023-03-25T10:00:00+00:00,Delhi,Delhi,Tier 1
CUST-0765,2022-04-07T10:00:00+00:00,Bengaluru,Karnataka,Tier 1
CUST-0766,2023-01-18T10:00:00+00:00,Delhi,Delhi,Tier 1
CUST-0767,2022-08-16T10:00:00+00:00,Hyderabad,Telangana,Tier 1
CUST-0768,2024-05-07T10:00:00+00:00,Bengaluru,Karnataka,Tier 1
CUST-0769,2024-11-28T10:00:00+00:00,Bengaluru,Karnataka,Tier 1
CUST-0770,2024-07-10T10:00:00+00:00,Delhi,Delhi,Tier 1
CUST-0771,2023-12-23T10:00:00+00:00,Bengaluru,Karnataka,Tier 1
CUST-0772,2024-08-16T10:00:00+00:00,Bengaluru,Karnataka,Tier 1
CUST-0773,2024-09-29T10:00:00+00:00,Bengaluru,Karnataka,Tier 1
CUST-0774,2023-10-28T10:00:00+00:00,Mumbai,Maharashtra,Tier 1
CUST-0775,2023-02-23T10:00:00+00:00,Hyderabad,Telangana,Tier 1
CUST-0776,2023-01-24T10:00:00+00:00,Bengaluru,Karnataka,Tier 1
CUST-0777,2024-03-16T10:00:00+00:00,Hyderabad,Telangana,Tier 1
CUST-0778,2022-11-02T10:00:00+00:00,Hyderabad,Telangana,Tier 1
CUST-0779,2023-09-15T10:00:00+00:00,Bengaluru,Karnataka,Tier 1
CUST-0780,2022-11-04T10:00:00+00:00,Mumbai,Maharashtra,Tier 1
CUST-0781,2023-07-16T10:00:00+00:00,Hyderabad,Telangana,Tier 1
CUST-0782,2023-08-27T10:00:00+00:00,Bengaluru,Karnataka,Tier 1
CUST-0783,2024-05-05T10:00:00+00:00,Delhi,Delhi,Tier 1
CUST-0784,2023-09-02T10:00:00+00:00,Delhi,Delhi,Tier 1
CUST-0785,2023-08-16T10:00:00+00:00,Delhi,Delhi,Tier 1
CUST-0786,2023-12-26T10:00:00+00:00,Mumbai,Maharashtra,Tier 1
CUST-0787,2024-12-27T10:00:00+00:00,Bengaluru,Karnataka,Tier 1
CUST-0788,2023-12-06T10:00:00+00:00,Delhi,Delhi,Tier 1
CUST-0789,2024-01-21T10:00:00+00:00,Bengaluru,Karnataka,Tier 1
CUST-0790,2024-04-27T10:00:00+00:00,Delhi,Delhi,Tier 1
CUST-0791,2024-05-15T10:00:00+00:00,Hyderabad,Telangana,Tier 1
CUST-0792,2024-08-16T10:00:00+00:00,Delhi,Delhi,Tier 1
CUST-0793,2022-12-02T10:00:00+00:00,Delhi,Delhi,Tier 1
CUST-0794,2022-07-02T10:00:00+00:00,Bengaluru,Karnataka,Tier 1
CUST-0795,2024-06-19T10:00:00+00:00,Hyderabad,Telangana,Tier 1
CUST-0796,2022-05-05T10:00:00+00:00,Mumbai,Maharashtra,Tier 1
CUST-0797,2024-06-19T10:00:00+00:00,Delhi,Delhi,Tier 1
CUST-0798,2024-10-24T10:00:00+00:00,Hyderabad,Telangana,Tier 1
CUST-0799,2024-06-28T10:00:00+00:00,Hyderabad,Telangana,Tier 1
CUST-0800,2022-09-16T10:00:00+00:00,Mumbai,Maharashtra,Tier 1
CUST-0801,2022-11-18T10:00:00+00:00,Hyderabad,Telangana,Tier 1
CUST-0802,2023-02-04T10:00:00+00:00,Bengaluru,Karnataka,Tier 1
CUST-0803,2023-10-11T10:00:00+00:00,Hyderabad,Telangana,Tier 1
CUST-0804,2024-12-22T10:00:00+00:00,Hyderabad,Telangana,Tier 1
CUST-0805,2024-06-22T10:00:00+00:00,Bengaluru,Karnataka,Tier 1
CUST-0806,2022-05-28T10:00:00+00:00,Delhi,Delhi,Tier 1
CUST-0807,2024-09-18T10:00:00+00:00,Delhi,Delhi,Tier 1
CUST-0808,2023-02-07T10:00:00+00:00,Mumbai,Maharashtra,Tier 1
CUST-0809,2023-06-24T10:00:00+00:00,Bengaluru,Karnataka,Tier 1
CUST-0810,2022-12-12T10:00:00+00:00,Delhi,Delhi,Tier 1
CUST-0811,2024-12-31T10:00:00+00:00,Mumbai,Maharashtra,Tier 1
CUST-0812,2024-10-29T10:00:00+00:00,Mumbai,Maharashtra,Tier 1
CUST-0813,2024-12-10T10:00:00+00:00,Mumbai,Maharashtra,Tier 1
CUST-0814,2024-05-27T10:00:00+00:00,Hyderabad,Telangana,Tier 1
CUST-0815,2022-12-26T10:00:00+00:00,Bengaluru,Karnataka,Tier 1
CUST-0816,2024-07-20T10:00:00+00:00,Hyderabad,Telangana,Tier 1
CUST-0817,2022-11-12T10:00:00+00:00,Hyderabad,Telangana,Tier 1
CUST-0818,2023-11-14T10:00:00+00:00,Bengaluru,Karnataka,Tier 1
CUST-0819,2022-05-10T10:00:00+00:00,Mumbai,Maharashtra,Tier 1
CUST-0820,2022-07-10T10:00:00+00:00,Mumbai,Maharashtra,Tier 1
CUST-0821,2023-11-07T10:00:00+00:00,Hyderabad,Telangana,Tier 1
CUST-0822,2023-07-17T10:00:00+00:00,Delhi,Delhi,Tier 1
CUST-0823,2022-08-31T10:00:00+00:00,Bengaluru,Karnataka,Tier 1
CUST-0824,2023-05-15T10:00:00+00:00,Mumbai,Maharashtra,Tier 1
CUST-0825,2024-04-09T10:00:00+00:00,Hyderabad,Telangana,Tier 1
CUST-0826,2024-12-15T10:00:00+00:00,Mumbai,Maharashtra,Tier 1
CUST-0827,2024-03-23T10:00:00+00:00,Mumbai,Maharashtra,Tier 1
CUST-0828,2023-12-05T10:00:00+00:00,Delhi,Delhi,Tier 1
CUST-0829,2023-02-21T10:00:00+00:00,Bengaluru,Karnataka,Tier 1
CUST-0830,2022-05-23T10:00:00+00:00,Mumbai,Maharashtra,Tier 1
CUST-0831,2022-07-02T10:00:00+00:00,Hyderabad,Telangana,Tier 1
CUST-0832,2024-09-21T10:00:00+00:00,Mumbai,Maharashtra,Tier 1
CUST-0833,2024-09-01T10:00:00+00:00,Bengaluru,Karnataka,Tier 1
CUST-0834,2023-05-09T10:00:00+00:00,Mumbai,Maharashtra,Tier 1
CUST-0835,2022-05-21T10:00:00+00:00,Delhi,Delhi,Tier 1
CUST-0836,2024-10-05T10:00:00+00:00,Hyderabad,Telangana,Tier 1
CUST-0837,2024-04-22T10:00:00+00:00,Bengaluru,Karnataka,Tier 1
CUST-0838,2022-06-04T10:00:00+00:00,Hyderabad,Telangana,Tier 1
CUST-0839,2024-06-04T10:00:00+00:00,Delhi,Delhi,Tier 1
CUST-0840,2024-08-05T10:00:00+00:00,Hyderabad,Telangana,Tier 1
CUST-0841,2024-08-19T10:00:00+00:00,Mumbai,Maharashtra,Tier 1
CUST-0842,2022-07-01T10:00:00+00:00,Delhi,Delhi,Tier 1
CUST-0843,2023-06-14T10:00:00+00:00,Delhi,Delhi,Tier 1
CUST-0844,2024-11-02T10:00:00+00:00,Mumbai,Maharashtra,Tier 1
CUST-0845,2024-08-13T10:00:00+00:00,Mumbai,Maharashtra,Tier 1
CUST-0846,2024-08-06T10:00:00+00:00,Mumbai,Maharashtra,Tier 1
CUST-0847,2024-08-04T10:00:00+00:00,Bengaluru,Karnataka,Tier 1
CUST-0848,2024-02-24T10:00:00+00:00,Bengaluru,Karnataka,Tier 1
CUST-0849,2024-07-19T10:00:00+00:00,Delhi,Delhi,Tier 1
CUST-0850,2024-10-23T10:00:00+00:00,Mumbai,Maharashtra,Tier 1
CUST-0851,2022-09-01T10:00:00+00:00,Bengaluru,Karnataka,Tier 1
CUST-0852,2022-10-30T10:00:00+00:00,Hyderabad,Telangana,Tier 1
CUST-0853,2022-05-07T10:00:00+00:00,Bengaluru,Karnataka,Tier 1
CUST-0854,2024-09-12T10:00:00+00:00,Bengaluru,Karnataka,Tier 1
CUST-0855,2024-09-22T10:00:00+00:00,Bengaluru,Karnataka,Tier 1
CUST-0856,2023-05-04T10:00:00+00:00,Mumbai,Maharashtra,Tier 1
CUST-0857,2024-09-27T10:00:00+00:00,Hyderabad,Telangana,Tier 1
CUST-0858,2024-11-22T10:00:00+00:00,Mumbai,Maharashtra,Tier 1
CUST-0859,2024-05-23T10:00:00+00:00,Delhi,Delhi,Tier 1
CUST-0860,2023-10-25T10:00:00+00:00,Delhi,Delhi,Tier 1
CUST-0861,2024-02-05T10:00:00+00:00,Bengaluru,Karnataka,Tier 1
CUST-0862,2023-05-25T10:00:00+00:00,Bengaluru,Karnataka,Tier 1
CUST-0863,2023-06-26T10:00:00+00:00,Delhi,Delhi,Tier 1
CUST-0864,2023-10-05T10:00:00+00:00,Delhi,Delhi,Tier 1
CUST-0865,2024-11-25T10:00:00+00:00,Delhi,Delhi,Tier 1
CUST-0866,2024-02-14T10:00:00+00:00,Mumbai,Maharashtra,Tier 1
CUST-0867,2022-07-27T10:00:00+00:00,Delhi,Delhi,Tier 1
CUST-0868,2023-05-17T10:00:00+00:00,Mumbai,Maharashtra,Tier 1
CUST-0869,2024-12-29T10:00:00+00:00,Delhi,Delhi,Tier 1
CUST-0870,2022-06-19T10:00:00+00:00,Mumbai,Maharashtra,Tier 1
CUST-0871,2024-02-13T10:00:00+00:00,Hyderabad,Telangana,Tier 1
CUST-0872,2024-04-18T10:00:00+00:00,Delhi,Delhi,Tier 1
CUST-0873,2023-04-17T10:00:00+00:00,Bengaluru,Karnataka,Tier 1
CUST-0874,2023-06-20T10:00:00+00:00,Hyderabad,Telangana,Tier 1
CUST-0875,2024-08-20T10:00:00+00:00,Hyderabad,Telangana,Tier 1
CUST-0876,2023-02-28T10:00:00+00:00,Bengaluru,Karnataka,Tier 1
CUST-0877,2024-04-25T10:00:00+00:00,Delhi,Delhi,Tier 1
CUST-0878,2022-09-22T10:00:00+00:00,Hyderabad,Telangana,Tier 1
CUST-0879,2024-12-17T10:00:00+00:00,Hyderabad,Telangana,Tier 1
CUST-0880,2024-05-08T10:00:00+00:00,Delhi,Delhi,Tier 1
CUST-0881,2024-12-16T10:00:00+00:00,Hyderabad,Telangana,Tier 1
CUST-0882,2022-09-02T10:00:00+00:00,Hyderabad,Telangana,Tier 1
CUST-0883,2023-04-22T10:00:00+00:00,Mumbai,Maharashtra,Tier 1
CUST-0884,2023-07-18T10:00:00+00:00,Mumbai,Maharashtra,Tier 1
CUST-0885,2024-12-13T10:00:00+00:00,Mumbai,Maharashtra,Tier 1
CUST-0886,2023-03-20T10:00:00+00:00,Hyderabad,Telangana,Tier 1
CUST-0887,2024-11-27T10:00:00+00:00,Delhi,Delhi,Tier 1
CUST-0888,2023-10-13T10:00:00+00:00,Mumbai,Maharashtra,Tier 1
CUST-0889,2022-07-18T10:00:00+00:00,Mumbai,Maharashtra,Tier 1
CUST-0890,2022-11-02T10:00:00+00:00,Hyderabad,Telangana,Tier 1
CUST-0891,2023-07-11T10:00:00+00:00,Delhi,Delhi,Tier 1
CUST-0892,2022-06-04T10:00:00+00:00,Hyderabad,Telangana,Tier 1
CUST-0893,2024-08-12T10:00:00+00:00,Hyderabad,Telangana,Tier 1
CUST-0894,2023-12-11T10:00:00+00:00,Hyderabad,Telangana,Tier 1
CUST-0895,2024-04-04T10:00:00+00:00,Delhi,Delhi,Tier 1
CUST-0896,2024-08-31T10:00:00+00:00,Bengaluru,Karnataka,Tier 1
CUST-0897,2022-05-16T10:00:00+00:00,Delhi,Delhi,Tier 1
CUST-0898,2023-09-16T10:00:00+00:00,Mumbai,Maharashtra,Tier 1
CUST-0899,2023-07-09T10:00:00+00:00,Hyderabad,Telangana,Tier 1
CUST-0900,2023-05-07T10:00:00+00:00,Hyderabad,Telangana,Tier 1
CUST-0901,2024-10-23T10:00:00+00:00,Mumbai,Maharashtra,Tier 1
CUST-0902,2023-07-27T10:00:00+00:00,Bengaluru,Karnataka,Tier 1
CUST-0903,2024-05-13T10:00:00+00:00,Bengaluru,Karnataka,Tier 1
CUST-0904,2024-10-08T10:00:00+00:00,Mumbai,Maharashtra,Tier 1
CUST-0905,2023-07-01T10:00:00+00:00,Delhi,Delhi,Tier 1
CUST-0906,2024-04-21T10:00:00+00:00,Mumbai,Maharashtra,Tier 1
CUST-0907,2022-10-15T10:00:00+00:00,Bengaluru,Karnataka,Tier 1
CUST-0908,2023-08-15T10:00:00+00:00,Mumbai,Maharashtra,Tier 1
CUST-0909,2022-08-17T10:00:00+00:00,Mumbai,Maharashtra,Tier 1
CUST-0910,2024-10-06T10:00:00+00:00,Delhi,Delhi,Tier 1
CUST-0911,2022-11-21T10:00:00+00:00,Bengaluru,Karnataka,Tier 1
CUST-0912,2022-08-08T10:00:00+00:00,Mumbai,Maharashtra,Tier 1
CUST-0913,2023-07-24T10:00:00+00:00,Delhi,Delhi,Tier 1
CUST-0914,2023-07-25T10:00:00+00:00,Hyderabad,Telangana,Tier 1
CUST-0915,2023-06-20T10:00:00+00:00,Bengaluru,Karnataka,Tier 1
CUST-0916,2024-09-03T10:00:00+00:00,Hyderabad,Telangana,Tier 1
CUST-0917,2023-10-22T10:00:00+00:00,Bengaluru,Karnataka,Tier 1
CUST-0918,2022-11-24T10:00:00+00:00,Delhi,Delhi,Tier 1
CUST-0919,2022-04-20T10:00:00+00:00,Delhi,Delhi,Tier 1
CUST-0920,2023-05-12T10:00:00+00:00,Bengaluru,Karnataka,Tier 1
CUST-0921,2024-07-15T10:00:00+00:00,Mumbai,Maharashtra,Tier 1
CUST-0922,2022-09-22T10:00:00+00:00,Delhi,Delhi,Tier 1
CUST-0923,2023-08-26T10:00:00+00:00,Delhi,Delhi,Tier 1
CUST-0924,2024-08-28T10:00:00+00:00,Delhi,Delhi,Tier 1
CUST-0925,2024-02-17T10:00:00+00:00,Bengaluru,Karnataka,Tier 1
CUST-0926,2023-07-03T10:00:00+00:00,Hyderabad,Telangana,Tier 1
CUST-0927,2023-05-27T10:00:00+00:00,Hyderabad,Telangana,Tier 1
CUST-0928,2022-07-29T10:00:00+00:00,Hyderabad,Telangana,Tier 1
CUST-0929,2022-04-18T10:00:00+00:00,Delhi,Delhi,Tier 1
CUST-0930,2023-08-17T10:00:00+00:00,Bengaluru,Karnataka,Tier 1
CUST-0931,2024-05-01T10:00:00+00:00,Hyderabad,Telangana,Tier 1
CUST-0932,2023-08-29T10:00:00+00:00,Delhi,Delhi,Tier 1
CUST-0933,2022-07-24T10:00:00+00:00,Delhi,Delhi,Tier 1
CUST-0934,2022-07-30T10:00:00+00:00,Mumbai,Maharashtra,Tier 1
CUST-0935,2024-09-10T10:00:00+00:00,Hyderabad,Telangana,Tier 1
CUST-0936,2024-11-09T10:00:00+00:00,Delhi,Delhi,Tier 1
CUST-0937,2024-08-13T10:00:00+00:00,Mumbai,Maharashtra,Tier 1
CUST-0938,2024-10-03T10:00:00+00:00,Bengaluru,Karnataka,Tier 1
CUST-0939,2024-03-10T10:00:00+00:00,Delhi,Delhi,Tier 1
CUST-0940,2023-10-29T10:00:00+00:00,Bengaluru,Karnataka,Tier 1
CUST-0941,2022-10-17T10:00:00+00:00,Hyderabad,Telangana,Tier 1
CUST-0942,2023-04-30T10:00:00+00:00,Hyderabad,Telangana,Tier 1
CUST-0943,2022-12-11T10:00:00+00:00,Hyderabad,Telangana,Tier 1
CUST-0944,2022-06-19T10:00:00+00:00,Delhi,Delhi,Tier 1
CUST-0945,2023-06-18T10:00:00+00:00,Mumbai,Maharashtra,Tier 1
CUST-0946,2023-12-27T10:00:00+00:00,Mumbai,Maharashtra,Tier 1
CUST-0947,2023-09-22T10:00:00+00:00,Mumbai,Maharashtra,Tier 1
CUST-0948,2022-08-01T10:00:00+00:00,Mumbai,Maharashtra,Tier 1
CUST-0949,2023-09-19T10:00:00+00:00,Hyderabad,Telangana,Tier 1
CUST-0950,2024-10-17T10:00:00+00:00,Bengaluru,Karnataka,Tier 1
CUST-0951,2024-07-31T10:00:00+00:00,Bengaluru,Karnataka,Tier 1
CUST-0952,2024-10-15T10:00:00+00:00,Bengaluru,Karnataka,Tier 1
CUST-0953,2024-08-25T10:00:00+00:00,Delhi,Delhi,Tier 1
CUST-0954,2024-04-03T10:00:00+00:00,Mumbai,Maharashtra,Tier 1
CUST-0955,2022-11-05T10:00:00+00:00,Hyderabad,Telangana,Tier 1
CUST-0956,2023-12-19T10:00:00+00:00,Delhi,Delhi,Tier 1
CUST-0957,2022-07-28T10:00:00+00:00,Delhi,Delhi,Tier 1
CUST-0958,2023-03-01T10:00:00+00:00,Hyderabad,Telangana,Tier 1
CUST-0959,2023-04-04T10:00:00+00:00,Hyderabad,Telangana,Tier 1
CUST-0960,2024-06-03T10:00:00+00:00,Bengaluru,Karnataka,Tier 1
CUST-0961,2022-12-13T10:00:00+00:00,Bengaluru,Karnataka,Tier 1
CUST-0962,2024-01-08T10:00:00+00:00,Bengaluru,Karnataka,Tier 1
CUST-0963,2022-10-30T10:00:00+00:00,Delhi,Delhi,Tier 1
CUST-0964,2023-08-18T10:00:00+00:00,Mumbai,Maharashtra,Tier 1
CUST-0965,2024-02-09T10:00:00+00:00,Delhi,Delhi,Tier 1
CUST-0966,2024-03-28T10:00:00+00:00,Delhi,Delhi,Tier 1
CUST-0967,2022-12-01T10:00:00+00:00,Bengaluru,Karnataka,Tier 1
CUST-0968,2023-07-01T10:00:00+00:00,Bengaluru,Karnataka,Tier 1
CUST-0969,2024-10-22T10:00:00+00:00,Hyderabad,Telangana,Tier 1
CUST-0970,2023-08-04T10:00:00+00:00,Bengaluru,Karnataka,Tier 1
CUST-0971,2022-06-23T10:00:00+00:00,Bengaluru,Karnataka,Tier 1
CUST-0972,2024-07-02T10:00:00+00:00,Mumbai,Maharashtra,Tier 1
CUST-0973,2023-11-17T10:00:00+00:00,Hyderabad,Telangana,Tier 1
CUST-0974,2024-09-06T10:00:00+00:00,Mumbai,Maharashtra,Tier 1
CUST-0975,2024-08-24T10:00:00+00:00,Mumbai,Maharashtra,Tier 1
CUST-0976,2024-12-03T10:00:00+00:00,Delhi,Delhi,Tier 1
CUST-0977,2023-09-01T10:00:00+00:00,Delhi,Delhi,Tier 1
CUST-0978,2023-05-24T10:00:00+00:00,Hyderabad,Telangana,Tier 1
CUST-0979,2022-04-11T10:00:00+00:00,Delhi,Delhi,Tier 1
CUST-0980,2024-04-03T10:00:00+00:00,Hyderabad,Telangana,Tier 1
CUST-0981,2023-09-02T10:00:00+00:00,Delhi,Delhi,Tier 1
CUST-0982,2022-08-25T10:00:00+00:00,Delhi,Delhi,Tier 1
CUST-0983,2023-01-17T10:00:00+00:00,Delhi,Delhi,Tier 1
CUST-0984,2024-08-21T10:00:00+00:00,Mumbai,Maharashtra,Tier 1
CUST-0985,2023-04-30T10:00:00+00:00,Mumbai,Maharashtra,Tier 1
CUST-0986,2024-11-17T10:00:00+00:00,Bengaluru,Karnataka,Tier 1
CUST-0987,2024-04-05T10:00:00+00:00,Delhi,Delhi,Tier 1
CUST-0988,2022-12-11T10:00:00+00:00,Mumbai,Maharashtra,Tier 1
CUST-0989,2024-11-15T10:00:00+00:00,Mumbai,Maharashtra,Tier 1
CUST-0990,2024-02-14T10:00:00+00:00,Delhi,Delhi,Tier 1
CUST-0991,2023-02-15T10:00:00+00:00,Mumbai,Maharashtra,Tier 1
CUST-0992,2022-06-24T10:00:00+00:00,Mumbai,Maharashtra,Tier 1
CUST-0993,2024-11-28T10:00:00+00:00,Delhi,Delhi,Tier 1
CUST-0994,2024-11-22T10:00:00+00:00,Mumbai,Maharashtra,Tier 1
CUST-0995,2022-12-09T10:00:00+00:00,Delhi,Delhi,Tier 1
CUST-0996,2024-03-27T10:00:00+00:00,Hyderabad,Telangana,Tier 1
CUST-0997,2024-08-28T10:00:00+00:00,Delhi,Delhi,Tier 1
CUST-0998,2024-01-20T10:00:00+00:00,Bengaluru,Karnataka,Tier 1
CUST-0999,2022-09-23T10:00:00+00:00,Delhi,Delhi,Tier 1
CUST-1000,2024-08-20T10:00:00+00:00,Delhi,Delhi,Tier 1
