sku_id,product_name,category,subcategory,price,colour,fabric,size,vendor_id,size_chart_id,product_created_at,product_active,image_url
SKU-0001,Festive Straight Kurti 001,Kurti,Straight Kurti,399.00,Ivory,Rayon,M,VEND-011,CHART-011,2023-12-01T10:00:00+00:00,true,
SKU-0002,Everyday Anarkali Kurti 002,Kurti,Anarkali Kurti,1499.00,Maroon,modal cotton,XS,VEND-009,CHART-009,2024-12-06T10:00:00+00:00,true,
SKU-0003,Printed A-line Kurti 003,Kurti,A-line Kurti,623.00,Terracotta,cotn,M,VEND-004,CHART-004,2024-10-06T10:00:00+00:00,true,
SKU-0004,Everyday Midi Dress 004,Dress,Midi Dress,692.00,maroon_red,Polyester,L,VEND-012,CHART-012,2024-03-31T10:00:00+00:00,true,
SKU-0005,Festive Maxi Dress 005,Dress,Maxi Dress,889.00,sage,Linen blend,L,VEND-006,CHART-006,2024-06-14T10:00:00+00:00,true,
SKU-0006,Printed Printed Co-ord 006,Co-ord Set,Printed Co-ord,798.00,Navy Blue,Georgette,S,VEND-007,CHART-007,2023-08-25T10:00:00+00:00,true,
SKU-0007,Everyday Everyday Top 007,Top,Everyday Top,920.00,NAVY_BLUE,Linen blend,XS,VEND-006,CHART-006,2024-01-02T10:00:00+00:00,true,
SKU-0008,Soft Cotton Kurta Set 008,Ethnic Set,Kurta Set,803.00,Navy Blue,Rayon,M,VEND-010,CHART-010,2024-01-11T10:00:00+00:00,true,
SKU-0009,Printed Printed Tunic 009,Tunic,Printed Tunic,999.00,Terracotta,Linen blend,L,VEND-009,CHART-009,2022-12-27T10:00:00+00:00,true,
SKU-0010,Printed Palazzo 010,Bottom,Palazzo,1267.00,sage,pure cotton,S,VEND-003,CHART-003,2023-03-13T10:00:00+00:00,true,
SKU-0011,Everyday Straight Kurti 011,Kurti,Straight Kurti,675.00,Navy Blue,Chiffon,XXL,VEND-002,CHART-002,2024-10-21T10:00:00+00:00,true,
SKU-0012,Jaipur Print Anarkali Kurti 012,Kurti,Anarkali Kurti,518.00,Maroon,pure cotton,XXL,VEND-003,CHART-003,2023-08-01T10:00:00+00:00,true,
SKU-0013,Festive A-line Kurti 013,Kurti,A-line Kurti,610.00,Mustard Yellow,Linen blend,L,VEND-003,CHART-003,2024-02-23T10:00:00+00:00,true,
SKU-0014,Festive Midi Dress 014,Dress,Midi Dress,1298.00,NAVY_BLUE,Georgette,XL,VEND-001,CHART-001,2023-06-07T10:00:00+00:00,true,
SKU-0015,Festive Maxi Dress 015,Dress,Maxi Dress,1203.00,mustard,Linen blend,M,VEND-003,CHART-003,2023-10-10T10:00:00+00:00,true,
SKU-0016,Festive Printed Co-ord 016,Co-ord Set,Printed Co-ord,1234.00,Maroon,Viscose,L,VEND-012,CHART-012,2023-02-14T10:00:00+00:00,true,
SKU-0017,Soft Cotton Everyday Top 017,Top,Everyday Top,745.00,Maroon,Polyester,L,VEND-001,CHART-001,2024-11-24T10:00:00+00:00,true,
SKU-0018,Jaipur Print Kurta Set 018,Ethnic Set,Kurta Set,1232.00,maroon_red,Rayon,XXL,VEND-005,CHART-005,2024-08-31T10:00:00+00:00,true,
SKU-0019,Jaipur Print Printed Tunic 019,Tunic,Printed Tunic,1237.00,maroon_red,modal cotton,XS,VEND-012,CHART-012,2023-10-08T10:00:00+00:00,true,
SKU-0020,Soft Cotton Palazzo 020,Bottom,Palazzo,1271.00,NAVY_BLUE,Chiffon,XXL,VEND-001,CHART-001,2024-12-11T10:00:00+00:00,true,
SKU-0021,Festive Straight Kurti 021,Kurti,Straight Kurti,624.00,mustard,Viscose,L,VEND-008,CHART-008,2024-03-11T10:00:00+00:00,true,
SKU-0022,Jaipur Print Anarkali Kurti 022,Kurti,Anarkali Kurti,1249.00,rust,Viscose,S,VEND-011,CHART-011,2022-12-01T10:00:00+00:00,true,
SKU-0023,Printed A-line Kurti 023,Kurti,A-line Kurti,1239.00,rust,modal cotton,XL,VEND-005,CHART-005,2023-12-14T10:00:00+00:00,true,
SKU-0024,Festive Midi Dress 024,Dress,Midi Dress,1296.00,Black,Cotton,XS,VEND-007,CHART-007,2022-11-01T10:00:00+00:00,true,
SKU-0025,Indigo Maxi Dress 025,Dress,Maxi Dress,1081.00,Terracotta,modal cotton,S,VEND-003,CHART-003,2024-02-03T10:00:00+00:00,true,
SKU-0026,Soft Cotton Printed Co-ord 026,Co-ord Set,Printed Co-ord,959.00,Sage Green,Polyester,XL,VEND-006,CHART-006,2024-06-19T10:00:00+00:00,true,
SKU-0027,Jaipur Print Everyday Top 027,Top,Everyday Top,1286.00,Black,Rayon,XXL,VEND-006,CHART-006,2023-03-10T10:00:00+00:00,true,
SKU-0028,Indigo Kurta Set 028,Ethnic Set,Kurta Set,1272.00,Sage Green,cotn,XL,VEND-005,CHART-005,2024-02-07T10:00:00+00:00,true,
SKU-0029,Everyday Printed Tunic 029,Tunic,Printed Tunic,1009.00,Navy Blue,Cotton,XS,VEND-010,CHART-010,2023-11-03T10:00:00+00:00,true,
SKU-0030,Jaipur Print Palazzo 030,Bottom,Palazzo,1051.00,sage,Viscose,XXL,VEND-003,CHART-003,2022-12-17T10:00:00+00:00,true,
SKU-0031,Soft Cotton Straight Kurti 031,Kurti,Straight Kurti,850.00,Maroon,Chiffon,XL,VEND-011,CHART-011,2023-10-13T10:00:00+00:00,true,
SKU-0032,Indigo Anarkali Kurti 032,Kurti,Anarkali Kurti,991.00,mustard,Polyester,M,VEND-010,CHART-010,2023-07-01T10:00:00+00:00,true,
SKU-0033,Festive A-line Kurti 033,Kurti,A-line Kurti,918.00,sage,rayon blend,XL,VEND-001,CHART-001,2024-03-05T10:00:00+00:00,true,
SKU-0034,Soft Cotton Midi Dress 034,Dress,Midi Dress,1112.00,Navy Blue,Viscose,XXL,VEND-001,CHART-001,2023-11-14T10:00:00+00:00,true,
SKU-0035,Printed Maxi Dress 035,Dress,Maxi Dress,1337.00,Ivory,Linen blend,L,VEND-007,CHART-007,2022-11-29T10:00:00+00:00,true,
SKU-0036,Indigo Printed Co-ord 036,Co-ord Set,Printed Co-ord,750.00,Ivory,Cotton,XL,VEND-006,CHART-006,2024-12-12T10:00:00+00:00,true,
SKU-0037,Festive Everyday Top 037,Top,Everyday Top,529.00,maroon_red,Viscose,S,VEND-006,CHART-006,2023-10-20T10:00:00+00:00,true,
SKU-0038,Everyday Kurta Set 038,Ethnic Set,Kurta Set,1171.00,Maroon,modal cotton,M,VEND-011,CHART-011,2023-12-19T10:00:00+00:00,true,
SKU-0039,Everyday Printed Tunic 039,Tunic,Printed Tunic,1462.00,navy,modal cotton,XL,VEND-002,CHART-002,2023-11-18T10:00:00+00:00,true,
SKU-0040,Printed Palazzo 040,Bottom,Palazzo,400.00,mustard,modal cotton,XL,VEND-008,CHART-008,2023-05-02T10:00:00+00:00,true,
SKU-0041,Festive Straight Kurti 041,Kurti,Straight Kurti,1072.00,navy,Viscose,S,VEND-005,CHART-005,2024-01-18T10:00:00+00:00,true,
SKU-0042,Printed Anarkali Kurti 042,Kurti,Anarkali Kurti,454.00,Terracotta,Viscose,M,VEND-008,CHART-008,2023-08-27T10:00:00+00:00,true,
SKU-0043,Jaipur Print A-line Kurti 043,Kurti,A-line Kurti,701.00,sage,Cotton,XL,VEND-003,CHART-003,2024-02-21T10:00:00+00:00,true,
SKU-0044,Jaipur Print Midi Dress 044,Dress,Midi Dress,407.00,Terracotta,Linen blend,XS,VEND-001,CHART-001,2022-11-03T10:00:00+00:00,true,
SKU-0045,Everyday Maxi Dress 045,Dress,Maxi Dress,1273.00,Mustard Yellow,Georgette,XL,VEND-008,CHART-008,2024-03-26T10:00:00+00:00,true,
SKU-0046,Indigo Printed Co-ord 046,Co-ord Set,Printed Co-ord,1075.00,Navy Blue,Rayon,L,VEND-008,CHART-008,2023-06-15T10:00:00+00:00,true,
SKU-0047,Festive Everyday Top 047,Top,Everyday Top,456.00,mustard,Rayon,L,VEND-006,CHART-006,2024-05-30T10:00:00+00:00,true,
SKU-0048,Everyday Kurta Set 048,Ethnic Set,Kurta Set,1429.00,sage,Polyester,XL,VEND-002,CHART-002,2023-11-26T10:00:00+00:00,true,
SKU-0049,Festive Printed Tunic 049,Tunic,Printed Tunic,1108.00,Terracotta,Polyester,XS,VEND-001,CHART-001,2024-07-16T10:00:00+00:00,true,
SKU-0050,Indigo Palazzo 050,Bottom,Palazzo,421.00,Maroon,Linen blend,L,VEND-007,CHART-007,2023-01-12T10:00:00+00:00,true,
SKU-0051,Jaipur Print Straight Kurti 051,Kurti,Straight Kurti,1299.00,Ivory,Georgette,L,VEND-006,CHART-006,2023-02-03T10:00:00+00:00,true,
SKU-0052,Soft Cotton Anarkali Kurti 052,Kurti,Anarkali Kurti,1451.00,navy,pure cotton,M,VEND-001,CHART-001,2023-07-16T10:00:00+00:00,true,
SKU-0053,Soft Cotton A-line Kurti 053,Kurti,A-line Kurti,452.00,Ivory,pure cotton,L,VEND-006,CHART-006,2024-11-27T10:00:00+00:00,true,
SKU-0054,Printed Midi Dress 054,Dress,Midi Dress,846.00,Navy Blue,Polyester,S,VEND-007,CHART-007,2023-07-09T10:00:00+00:00,true,
SKU-0055,Everyday Maxi Dress 055,Dress,Maxi Dress,666.00,mustard,Rayon,L,VEND-008,CHART-008,2023-12-14T10:00:00+00:00,true,
SKU-0056,Soft Cotton Printed Co-ord 056,Co-ord Set,Printed Co-ord,1132.00,mustard,pure cotton,L,VEND-010,CHART-010,2023-07-13T10:00:00+00:00,true,
SKU-0057,Printed Everyday Top 057,Top,Everyday Top,1019.00,Ivory,Georgette,XS,VEND-001,CHART-001,2023-11-19T10:00:00+00:00,true,
SKU-0058,Indigo Kurta Set 058,Ethnic Set,Kurta Set,1206.00,Ivory,Linen blend,XL,VEND-011,CHART-011,2024-06-18T10:00:00+00:00,true,
SKU-0059,Soft Cotton Printed Tunic 059,Tunic,Printed Tunic,608.00,Indigo,pure cotton,L,VEND-001,CHART-001,2024-07-14T10:00:00+00:00,true,
SKU-0060,Soft Cotton Palazzo 060,Bottom,Palazzo,729.00,Terracotta,rayon blend,XXL,VEND-006,CHART-006,2023-04-19T10:00:00+00:00,true,
SKU-0061,Everyday Straight Kurti 061,Kurti,Straight Kurti,469.00,maroon_red,pure cotton,XXL,VEND-004,CHART-004,2024-08-28T10:00:00+00:00,true,
SKU-0062,Festive Anarkali Kurti 062,Kurti,Anarkali Kurti,1057.00,maroon_red,Cotton,XL,VEND-005,CHART-005,2023-09-25T10:00:00+00:00,true,
SKU-0063,Indigo A-line Kurti 063,Kurti,A-line Kurti,1387.00,NAVY_BLUE,modal cotton,M,VEND-009,CHART-009,2023-01-07T10:00:00+00:00,true,
SKU-0064,Printed Midi Dress 064,Dress,Midi Dress,1410.00,Black,cotn,M,VEND-001,CHART-001,2024-07-05T10:00:00+00:00,true,
SKU-0065,Jaipur Print Maxi Dress 065,Dress,Maxi Dress,574.00,Mustard Yellow,Georgette,XL,VEND-006,CHART-006,2023-05-22T10:00:00+00:00,true,
SKU-0066,Soft Cotton Printed Co-ord 066,Co-ord Set,Printed Co-ord,1359.00,Black,Georgette,XXL,VEND-010,CHART-010,2023-11-14T10:00:00+00:00,true,
SKU-0067,Festive Everyday Top 067,Top,Everyday Top,1435.00,Mustard Yellow,Chiffon,S,VEND-001,CHART-001,2024-05-28T10:00:00+00:00,true,
SKU-0068,Soft Cotton Kurta Set 068,Ethnic Set,Kurta Set,757.00,rust,Georgette,M,VEND-001,CHART-001,2024-07-14T10:00:00+00:00,true,
SKU-0069,Indigo Printed Tunic 069,Tunic,Printed Tunic,738.00,Black,pure cotton,L,VEND-004,CHART-004,2023-09-23T10:00:00+00:00,true,
SKU-0070,Indigo Palazzo 070,Bottom,Palazzo,1011.00,Sage Green,modal cotton,XL,VEND-004,CHART-004,2023-03-14T10:00:00+00:00,true,
SKU-0071,Printed Straight Kurti 071,Kurti,Straight Kurti,1485.00,navy,cotn,XL,VEND-011,CHART-011,2024-05-18T10:00:00+00:00,true,
SKU-0072,Printed Anarkali Kurti 072,Kurti,Anarkali Kurti,792.00,Mustard Yellow,Viscose,XXL,VEND-007,CHART-007,2023-09-10T10:00:00+00:00,true,
SKU-0073,Jaipur Print A-line Kurti 073,Kurti,A-line Kurti,1210.00,mustard,pure cotton,L,VEND-005,CHART-005,2024-11-10T10:00:00+00:00,true,
SKU-0074,Soft Cotton Midi Dress 074,Dress,Midi Dress,552.00,Black,Linen blend,XXL,VEND-008,CHART-008,2023-12-16T10:00:00+00:00,true,
SKU-0075,Soft Cotton Maxi Dress 075,Dress,Maxi Dress,995.00,maroon_red,rayon blend,XS,VEND-008,CHART-008,2024-10-04T10:00:00+00:00,true,
SKU-0076,Festive Printed Co-ord 076,Co-ord Set,Printed Co-ord,1183.00,Mustard Yellow,rayon blend,XXL,VEND-010,CHART-010,2023-05-15T10:00:00+00:00,true,
SKU-0077,Soft Cotton Everyday Top 077,Top,Everyday Top,755.00,Ivory,Rayon,XXL,VEND-007,CHART-007,2023-07-19T10:00:00+00:00,true,
SKU-0078,Festive Kurta Set 078,Ethnic Set,Kurta Set,646.00,Maroon,Rayon,M,VEND-009,CHART-009,2024-05-10T10:00:00+00:00,true,
SKU-0079,Everyday Printed Tunic 079,Tunic,Printed Tunic,481.00,Indigo,Viscose,M,VEND-003,CHART-003,2024-11-11T10:00:00+00:00,true,
SKU-0080,Indigo Palazzo 080,Bottom,Palazzo,1006.00,navy,modal cotton,XL,VEND-005,CHART-005,2024-01-07T10:00:00+00:00,true,
SKU-0081,Jaipur Print Straight Kurti 081,Kurti,Straight Kurti,921.00,Sage Green,Viscose,XL,VEND-009,CHART-009,2023-01-06T10:00:00+00:00,true,
SKU-0082,Printed Anarkali Kurti 082,Kurti,Anarkali Kurti,538.00,Sage Green,cotn,S,VEND-004,CHART-004,2024-11-23T10:00:00+00:00,true,
SKU-0083,Festive A-line Kurti 083,Kurti,A-line Kurti,1297.00,Maroon,Linen blend,M,VEND-004,CHART-004,2024-11-11T10:00:00+00:00,true,
SKU-0084,Everyday Midi Dress 084,Dress,Midi Dress,419.00,Black,Rayon,L,VEND-003,CHART-003,2024-07-13T10:00:00+00:00,true,
SKU-0085,Everyday Maxi Dress 085,Dress,Maxi Dress,622.00,Ivory,Cotton,XS,VEND-009,CHART-009,2024-11-24T10:00:00+00:00,true,
SKU-0086,Indigo Printed Co-ord 086,Co-ord Set,Printed Co-ord,1100.00,sage,pure cotton,S,VEND-002,CHART-002,2023-02-26T10:00:00+00:00,true,
SKU-0087,Printed Everyday Top 087,Top,Everyday Top,1051.00,navy,Georgette,S,VEND-011,CHART-011,2024-04-04T10:00:00+00:00,true,
SKU-0088,Printed Kurta Set 088,Ethnic Set,Kurta Set,1291.00,NAVY_BLUE,Viscose,L,VEND-012,CHART-012,2023-09-09T10:00:00+00:00,true,
SKU-0089,Everyday Printed Tunic 089,Tunic,Printed Tunic,879.00,NAVY_BLUE,cotn,XXL,VEND-009,CHART-009,2024-01-16T10:00:00+00:00,true,
SKU-0090,Indigo Palazzo 090,Bottom,Palazzo,1174.00,sage,Polyester,XXL,VEND-003,CHART-003,2022-11-05T10:00:00+00:00,true,
SKU-0091,Everyday Straight Kurti 091,Kurti,Straight Kurti,1343.00,Black,Chiffon,XL,VEND-001,CHART-001,2023-06-18T10:00:00+00:00,true,
SKU-0092,Jaipur Print Anarkali Kurti 092,Kurti,Anarkali Kurti,924.00,Terracotta,rayon blend,L,VEND-011,CHART-011,2024-09-04T10:00:00+00:00,true,
SKU-0093,Soft Cotton A-line Kurti 093,Kurti,A-line Kurti,774.00,Sage Green,modal cotton,L,VEND-012,CHART-012,2023-08-25T10:00:00+00:00,true,
SKU-0094,Soft Cotton Midi Dress 094,Dress,Midi Dress,1380.00,Indigo,Viscose,L,VEND-005,CHART-005,2023-12-24T10:00:00+00:00,true,
SKU-0095,Everyday Maxi Dress 095,Dress,Maxi Dress,1481.00,rust,Rayon,XS,VEND-001,CHART-001,2022-11-23T10:00:00+00:00,true,
SKU-0096,Festive Printed Co-ord 096,Co-ord Set,Printed Co-ord,915.00,navy,Linen blend,XS,VEND-001,CHART-001,2023-10-15T10:00:00+00:00,true,
SKU-0097,Indigo Everyday Top 097,Top,Everyday Top,445.00,navy,Chiffon,L,VEND-005,CHART-005,2023-05-27T10:00:00+00:00,true,
SKU-0098,Everyday Kurta Set 098,Ethnic Set,Kurta Set,832.00,rust,pure cotton,L,VEND-011,CHART-011,2024-05-06T10:00:00+00:00,true,
SKU-0099,Indigo Printed Tunic 099,Tunic,Printed Tunic,1129.00,maroon_red,Viscose,XXL,VEND-002,CHART-002,2023-01-02T10:00:00+00:00,true,
SKU-0100,Everyday Palazzo 100,Bottom,Palazzo,841.00,Maroon,Rayon,S,VEND-009,CHART-009,2023-06-21T10:00:00+00:00,true,
SKU-0101,Everyday Straight Kurti 101,Kurti,Straight Kurti,1240.00,Black,Viscose,XXL,VEND-002,CHART-002,2024-03-22T10:00:00+00:00,true,
SKU-0102,Indigo Anarkali Kurti 102,Kurti,Anarkali Kurti,1437.00,mustard,Georgette,M,VEND-004,CHART-004,2023-09-01T10:00:00+00:00,true,
SKU-0103,Printed A-line Kurti 103,Kurti,A-line Kurti,950.00,Mustard Yellow,cotn,M,VEND-010,CHART-010,2024-03-31T10:00:00+00:00,true,
SKU-0104,Printed Midi Dress 104,Dress,Midi Dress,867.00,Navy Blue,Cotton,S,VEND-012,CHART-012,2023-03-12T10:00:00+00:00,true,
SKU-0105,Indigo Maxi Dress 105,Dress,Maxi Dress,1117.00,Navy Blue,Cotton,S,VEND-012,CHART-012,2024-07-21T10:00:00+00:00,true,
SKU-0106,Jaipur Print Printed Co-ord 106,Co-ord Set,Printed Co-ord,710.00,mustard,Rayon,XS,VEND-008,CHART-008,2024-10-11T10:00:00+00:00,true,
SKU-0107,Indigo Everyday Top 107,Top,Everyday Top,838.00,Indigo,Cotton,L,VEND-005,CHART-005,2024-02-22T10:00:00+00:00,true,
SKU-0108,Printed Kurta Set 108,Ethnic Set,Kurta Set,447.00,Sage Green,Linen blend,XS,VEND-003,CHART-003,2024-07-28T10:00:00+00:00,true,
SKU-0109,Everyday Printed Tunic 109,Tunic,Printed Tunic,1106.00,NAVY_BLUE,Cotton,XL,VEND-011,CHART-011,2024-06-17T10:00:00+00:00,true,
SKU-0110,Everyday Palazzo 110,Bottom,Palazzo,932.00,Ivory,pure cotton,S,VEND-011,CHART-011,2023-11-14T10:00:00+00:00,true,
SKU-0111,Soft Cotton Straight Kurti 111,Kurti,Straight Kurti,486.00,Terracotta,Linen blend,M,VEND-002,CHART-002,2023-12-02T10:00:00+00:00,true,
SKU-0112,Printed Anarkali Kurti 112,Kurti,Anarkali Kurti,746.00,Terracotta,Chiffon,M,VEND-008,CHART-008,2024-02-08T10:00:00+00:00,true,
SKU-0113,Everyday A-line Kurti 113,Kurti,A-line Kurti,646.00,Sage Green,Viscose,XXL,VEND-006,CHART-006,2023-06-17T10:00:00+00:00,true,
SKU-0114,Soft Cotton Midi Dress 114,Dress,Midi Dress,585.00,navy,Polyester,L,VEND-010,CHART-010,2024-06-25T10:00:00+00:00,true,
SKU-0115,Indigo Maxi Dress 115,Dress,Maxi Dress,843.00,sage,Cotton,M,VEND-003,CHART-003,2023-02-07T10:00:00+00:00,true,
SKU-0116,Everyday Printed Co-ord 116,Co-ord Set,Printed Co-ord,1064.00,Terracotta,Linen blend,L,VEND-012,CHART-012,2024-12-16T10:00:00+00:00,true,
SKU-0117,Printed Everyday Top 117,Top,Everyday Top,540.00,mustard,cotn,XS,VEND-009,CHART-009,2023-01-17T10:00:00+00:00,true,
SKU-0118,Soft Cotton Kurta Set 118,Ethnic Set,Kurta Set,1019.00,NAVY_BLUE,Chiffon,L,VEND-004,CHART-004,2023-06-16T10:00:00+00:00,true,
SKU-0119,Indigo Printed Tunic 119,Tunic,Printed Tunic,620.00,sage,Polyester,XL,VEND-008,CHART-008,2024-08-10T10:00:00+00:00,true,
SKU-0120,Soft Cotton Palazzo 120,Bottom,Palazzo,1489.00,rust,Linen blend,XL,VEND-008,CHART-008,2024-12-13T10:00:00+00:00,true,
SKU-0121,Soft Cotton Straight Kurti 121,Kurti,Straight Kurti,1178.00,Navy Blue,Georgette,L,VEND-007,CHART-007,2024-02-22T10:00:00+00:00,true,
SKU-0122,Everyday Anarkali Kurti 122,Kurti,Anarkali Kurti,960.00,navy,Viscose,M,VEND-003,CHART-003,2023-09-20T10:00:00+00:00,true,
SKU-0123,Printed A-line Kurti 123,Kurti,A-line Kurti,1127.00,NAVY_BLUE,pure cotton,S,VEND-007,CHART-007,2022-11-14T10:00:00+00:00,true,
SKU-0124,Everyday Midi Dress 124,Dress,Midi Dress,820.00,NAVY_BLUE,modal cotton,XL,VEND-004,CHART-004,2023-06-17T10:00:00+00:00,true,
SKU-0125,Jaipur Print Maxi Dress 125,Dress,Maxi Dress,934.00,Sage Green,pure cotton,XS,VEND-010,CHART-010,2024-04-22T10:00:00+00:00,true,
SKU-0126,Indigo Printed Co-ord 126,Co-ord Set,Printed Co-ord,954.00,NAVY_BLUE,pure cotton,L,VEND-009,CHART-009,2023-10-25T10:00:00+00:00,true,
SKU-0127,Soft Cotton Everyday Top 127,Top,Everyday Top,1276.00,NAVY_BLUE,Rayon,M,VEND-009,CHART-009,2023-10-04T10:00:00+00:00,true,
SKU-0128,Festive Kurta Set 128,Ethnic Set,Kurta Set,878.00,maroon_red,Polyester,XL,VEND-001,CHART-001,2022-12-03T10:00:00+00:00,true,
SKU-0129,Jaipur Print Printed Tunic 129,Tunic,Printed Tunic,503.00,Ivory,Viscose,XL,VEND-003,CHART-003,2024-08-26T10:00:00+00:00,true,
SKU-0130,Printed Palazzo 130,Bottom,Palazzo,579.00,Black,Polyester,XS,VEND-011,CHART-011,2024-09-27T10:00:00+00:00,true,
SKU-0131,Festive Straight Kurti 131,Kurti,Straight Kurti,605.00,sage,modal cotton,S,VEND-011,CHART-011,2024-02-12T10:00:00+00:00,true,
SKU-0132,Jaipur Print Anarkali Kurti 132,Kurti,Anarkali Kurti,1413.00,Terracotta,Cotton,M,VEND-011,CHART-011,2024-09-07T10:00:00+00:00,true,
SKU-0133,Festive A-line Kurti 133,Kurti,A-line Kurti,589.00,Black,Chiffon,L,VEND-003,CHART-003,2023-10-30T10:00:00+00:00,true,
SKU-0134,Jaipur Print Midi Dress 134,Dress,Midi Dress,1447.00,Terracotta,Linen blend,M,VEND-009,CHART-009,2024-09-17T10:00:00+00:00,true,
SKU-0135,Printed Maxi Dress 135,Dress,Maxi Dress,1099.00,rust,Linen blend,S,VEND-007,CHART-007,2024-12-05T10:00:00+00:00,true,
SKU-0136,Everyday Printed Co-ord 136,Co-ord Set,Printed Co-ord,878.00,Maroon,Georgette,XL,VEND-005,CHART-005,2024-02-03T10:00:00+00:00,true,
SKU-0137,Soft Cotton Everyday Top 137,Top,Everyday Top,850.00,Navy Blue,Viscose,XS,VEND-001,CHART-001,2024-08-10T10:00:00+00:00,true,
SKU-0138,Indigo Kurta Set 138,Ethnic Set,Kurta Set,1401.00,Sage Green,Chiffon,S,VEND-005,CHART-005,2024-05-30T10:00:00+00:00,true,
SKU-0139,Printed Printed Tunic 139,Tunic,Printed Tunic,1258.00,Ivory,Georgette,M,VEND-007,CHART-007,2024-08-13T10:00:00+00:00,true,
SKU-0140,Printed Palazzo 140,Bottom,Palazzo,991.00,Black,rayon blend,XXL,VEND-008,CHART-008,2024-10-18T10:00:00+00:00,true,
SKU-0141,Everyday Straight Kurti 141,Kurti,Straight Kurti,1140.00,Black,Linen blend,S,VEND-003,CHART-003,2023-01-17T10:00:00+00:00,true,
SKU-0142,Jaipur Print Anarkali Kurti 142,Kurti,Anarkali Kurti,1277.00,Sage Green,cotn,M,VEND-003,CHART-003,2024-06-18T10:00:00+00:00,true,
SKU-0143,Jaipur Print A-line Kurti 143,Kurti,A-line Kurti,1020.00,maroon_red,Polyester,M,VEND-003,CHART-003,2024-05-17T10:00:00+00:00,true,
SKU-0144,Printed Midi Dress 144,Dress,Midi Dress,979.00,navy,Viscose,M,VEND-008,CHART-008,2023-02-18T10:00:00+00:00,true,
SKU-0145,Jaipur Print Maxi Dress 145,Dress,Maxi Dress,1199.00,sage,modal cotton,M,VEND-002,CHART-002,2024-03-11T10:00:00+00:00,true,
SKU-0146,Soft Cotton Printed Co-ord 146,Co-ord Set,Printed Co-ord,407.00,sage,Chiffon,XS,VEND-010,CHART-010,2023-01-07T10:00:00+00:00,true,
SKU-0147,Printed Everyday Top 147,Top,Everyday Top,667.00,Mustard Yellow,Viscose,M,VEND-005,CHART-005,2023-12-08T10:00:00+00:00,true,
SKU-0148,Soft Cotton Kurta Set 148,Ethnic Set,Kurta Set,1452.00,Sage Green,Viscose,XXL,VEND-012,CHART-012,2023-03-01T10:00:00+00:00,true,
SKU-0149,Everyday Printed Tunic 149,Tunic,Printed Tunic,1492.00,rust,cotn,XL,VEND-005,CHART-005,2023-12-05T10:00:00+00:00,true,
SKU-0150,Printed Palazzo 150,Bottom,Palazzo,498.00,Maroon,Rayon,S,VEND-003,CHART-003,2024-06-19T10:00:00+00:00,true,
SKU-0151,Festive Straight Kurti 151,Kurti,Straight Kurti,467.00,NAVY_BLUE,Chiffon,XS,VEND-006,CHART-006,2023-09-22T10:00:00+00:00,true,
SKU-0152,Festive Anarkali Kurti 152,Kurti,Anarkali Kurti,1080.00,rust,Polyester,M,VEND-009,CHART-009,2024-09-09T10:00:00+00:00,true,
SKU-0153,Jaipur Print A-line Kurti 153,Kurti,A-line Kurti,1252.00,sage,cotn,XS,VEND-004,CHART-004,2023-04-17T10:00:00+00:00,true,
SKU-0154,Printed Midi Dress 154,Dress,Midi Dress,649.00,mustard,Cotton,M,VEND-002,CHART-002,2022-11-25T10:00:00+00:00,true,
SKU-0155,Indigo Maxi Dress 155,Dress,Maxi Dress,514.00,navy,Rayon,XL,VEND-008,CHART-008,2024-12-04T10:00:00+00:00,true,
SKU-0156,Everyday Printed Co-ord 156,Co-ord Set,Printed Co-ord,1157.00,rust,Linen blend,M,VEND-001,CHART-001,2023-08-03T10:00:00+00:00,true,
SKU-0157,Jaipur Print Everyday Top 157,Top,Everyday Top,675.00,Navy Blue,rayon blend,L,VEND-011,CHART-011,2023-05-17T10:00:00+00:00,true,
SKU-0158,Everyday Kurta Set 158,Ethnic Set,Kurta Set,1305.00,Maroon,rayon blend,XL,VEND-012,CHART-012,2023-03-16T10:00:00+00:00,true,
SKU-0159,Soft Cotton Printed Tunic 159,Tunic,Printed Tunic,707.00,Sage Green,rayon blend,S,VEND-003,CHART-003,2023-05-31T10:00:00+00:00,true,
SKU-0160,Printed Palazzo 160,Bottom,Palazzo,450.00,navy,Viscose,L,VEND-005,CHART-005,2024-01-09T10:00:00+00:00,true,
SKU-0161,Everyday Straight Kurti 161,Kurti,Straight Kurti,661.00,maroon_red,Rayon,XS,VEND-004,CHART-004,2023-04-19T10:00:00+00:00,true,
SKU-0162,Indigo Anarkali Kurti 162,Kurti,Anarkali Kurti,886.00,sage,Viscose,L,VEND-010,CHART-010,2023-12-21T10:00:00+00:00,true,
SKU-0163,Festive A-line Kurti 163,Kurti,A-line Kurti,1159.00,sage,Georgette,S,VEND-003,CHART-003,2023-03-16T10:00:00+00:00,true,
SKU-0164,Jaipur Print Midi Dress 164,Dress,Midi Dress,1207.00,rust,pure cotton,XXL,VEND-007,CHART-007,2023-09-16T10:00:00+00:00,true,
SKU-0165,Jaipur Print Maxi Dress 165,Dress,Maxi Dress,1386.00,Sage Green,Linen blend,S,VEND-008,CHART-008,2023-07-19T10:00:00+00:00,true,
SKU-0166,Everyday Printed Co-ord 166,Co-ord Set,Printed Co-ord,966.00,NAVY_BLUE,rayon blend,M,VEND-009,CHART-009,2024-06-01T10:00:00+00:00,true,
SKU-0167,Printed Everyday Top 167,Top,Everyday Top,1336.00,maroon_red,Linen blend,XXL,VEND-005,CHART-005,2024-09-20T10:00:00+00:00,true,
SKU-0168,Soft Cotton Kurta Set 168,Ethnic Set,Kurta Set,889.00,mustard,cotn,XXL,VEND-003,CHART-003,2024-04-24T10:00:00+00:00,true,
SKU-0169,Festive Printed Tunic 169,Tunic,Printed Tunic,620.00,NAVY_BLUE,Cotton,S,VEND-001,CHART-001,2024-11-04T10:00:00+00:00,true,
SKU-0170,Jaipur Print Palazzo 170,Bottom,Palazzo,504.00,Maroon,rayon blend,XXL,VEND-003,CHART-003,2024-05-11T10:00:00+00:00,true,
SKU-0171,Jaipur Print Straight Kurti 171,Kurti,Straight Kurti,516.00,Terracotta,modal cotton,XL,VEND-004,CHART-004,2023-03-05T10:00:00+00:00,true,
SKU-0172,Soft Cotton Anarkali Kurti 172,Kurti,Anarkali Kurti,974.00,sage,Chiffon,XL,VEND-008,CHART-008,2022-12-07T10:00:00+00:00,true,
SKU-0173,Printed A-line Kurti 173,Kurti,A-line Kurti,706.00,navy,Linen blend,XS,VEND-007,CHART-007,2024-03-08T10:00:00+00:00,true,
SKU-0174,Indigo Midi Dress 174,Dress,Midi Dress,449.00,Terracotta,Cotton,XXL,VEND-001,CHART-001,2024-03-17T10:00:00+00:00,true,
SKU-0175,Printed Maxi Dress 175,Dress,Maxi Dress,1377.00,rust,Georgette,S,VEND-003,CHART-003,2022-11-16T10:00:00+00:00,true,
SKU-0176,Printed Printed Co-ord 176,Co-ord Set,Printed Co-ord,518.00,Maroon,modal cotton,L,VEND-006,CHART-006,2024-11-22T10:00:00+00:00,true,
SKU-0177,Festive Everyday Top 177,Top,Everyday Top,884.00,Navy Blue,Chiffon,S,VEND-005,CHART-005,2024-04-13T10:00:00+00:00,true,
SKU-0178,Printed Kurta Set 178,Ethnic Set,Kurta Set,1315.00,Sage Green,cotn,XS,VEND-007,CHART-007,2023-12-01T10:00:00+00:00,true,
SKU-0179,Indigo Printed Tunic 179,Tunic,Printed Tunic,1327.00,Maroon,Viscose,L,VEND-009,CHART-009,2024-04-07T10:00:00+00:00,true,
SKU-0180,Festive Palazzo 180,Bottom,Palazzo,551.00,Indigo,Viscose,S,VEND-005,CHART-005,2024-05-12T10:00:00+00:00,true,
SKU-0181,Jaipur Print Straight Kurti 181,Kurti,Straight Kurti,558.00,navy,modal cotton,XS,VEND-012,CHART-012,2023-05-10T10:00:00+00:00,true,
SKU-0182,Indigo Anarkali Kurti 182,Kurti,Anarkali Kurti,1065.00,sage,cotn,S,VEND-006,CHART-006,2022-12-30T10:00:00+00:00,true,
SKU-0183,Soft Cotton A-line Kurti 183,Kurti,A-line Kurti,817.00,Mustard Yellow,Polyester,XS,VEND-012,CHART-012,2023-10-13T10:00:00+00:00,true,
SKU-0184,Indigo Midi Dress 184,Dress,Midi Dress,570.00,Ivory,Polyester,XXL,VEND-001,CHART-001,2024-04-04T10:00:00+00:00,true,
SKU-0185,Indigo Maxi Dress 185,Dress,Maxi Dress,532.00,Sage Green,Polyester,XS,VEND-002,CHART-002,2024-03-02T10:00:00+00:00,true,
SKU-0186,Everyday Printed Co-ord 186,Co-ord Set,Printed Co-ord,1465.00,Black,Linen blend,XXL,VEND-009,CHART-009,2023-08-07T10:00:00+00:00,true,
SKU-0187,Printed Everyday Top 187,Top,Everyday Top,460.00,Mustard Yellow,rayon blend,M,VEND-011,CHART-011,2023-03-28T10:00:00+00:00,true,
SKU-0188,Festive Kurta Set 188,Ethnic Set,Kurta Set,538.00,Mustard Yellow,modal cotton,L,VEND-011,CHART-011,2022-12-08T10:00:00+00:00,true,
SKU-0189,Indigo Printed Tunic 189,Tunic,Printed Tunic,1256.00,Black,rayon blend,XL,VEND-001,CHART-001,2024-10-23T10:00:00+00:00,true,
SKU-0190,Indigo Palazzo 190,Bottom,Palazzo,1410.00,Navy Blue,Viscose,XXL,VEND-007,CHART-007,2022-11-07T10:00:00+00:00,true,
SKU-0191,Printed Straight Kurti 191,Kurti,Straight Kurti,1349.00,Terracotta,cotn,XL,VEND-011,CHART-011,2024-11-12T10:00:00+00:00,true,
SKU-0192,Soft Cotton Anarkali Kurti 192,Kurti,Anarkali Kurti,1344.00,NAVY_BLUE,Chiffon,L,VEND-011,CHART-011,2023-02-02T10:00:00+00:00,true,
SKU-0193,Festive A-line Kurti 193,Kurti,A-line Kurti,1363.00,rust,rayon blend,XL,VEND-001,CHART-001,2024-05-07T10:00:00+00:00,true,
SKU-0194,Printed Midi Dress 194,Dress,Midi Dress,888.00,Mustard Yellow,Polyester,L,VEND-001,CHART-001,2023-04-01T10:00:00+00:00,true,
SKU-0195,Soft Cotton Maxi Dress 195,Dress,Maxi Dress,1417.00,Sage Green,Chiffon,S,VEND-002,CHART-002,2023-01-11T10:00:00+00:00,true,
SKU-0196,Festive Printed Co-ord 196,Co-ord Set,Printed Co-ord,884.00,Maroon,pure cotton,S,VEND-004,CHART-004,2023-11-01T10:00:00+00:00,true,
SKU-0197,Soft Cotton Everyday Top 197,Top,Everyday Top,589.00,Mustard Yellow,pure cotton,L,VEND-003,CHART-003,2023-02-11T10:00:00+00:00,true,
SKU-0198,Festive Kurta Set 198,Ethnic Set,Kurta Set,1454.00,Mustard Yellow,Polyester,XL,VEND-001,CHART-001,2023-01-12T10:00:00+00:00,true,
SKU-0199,Jaipur Print Printed Tunic 199,Tunic,Printed Tunic,546.00,Terracotta,pure cotton,XXL,VEND-002,CHART-002,2023-06-04T10:00:00+00:00,true,
SKU-0200,Soft Cotton Palazzo 200,Bottom,Palazzo,1257.00,Black,Chiffon,XXL,VEND-010,CHART-010,2023-09-11T10:00:00+00:00,true,
SKU-0201,Jaipur Print Straight Kurti 201,Kurti,Straight Kurti,1043.00,navy,Linen blend,XL,VEND-012,CHART-012,2023-04-27T10:00:00+00:00,true,
SKU-0202,Everyday Anarkali Kurti 202,Kurti,Anarkali Kurti,442.00,Navy Blue,Cotton,S,VEND-012,CHART-012,2024-06-11T10:00:00+00:00,true,
SKU-0203,Soft Cotton A-line Kurti 203,Kurti,A-line Kurti,983.00,mustard,Polyester,XXL,VEND-012,CHART-012,2023-11-03T10:00:00+00:00,true,
SKU-0204,Festive Midi Dress 204,Dress,Midi Dress,480.00,Terracotta,Viscose,M,VEND-011,CHART-011,2023-12-08T10:00:00+00:00,true,
SKU-0205,Festive Maxi Dress 205,Dress,Maxi Dress,1357.00,NAVY_BLUE,Georgette,S,VEND-005,CHART-005,2023-09-09T10:00:00+00:00,true,
SKU-0206,Printed Printed Co-ord 206,Co-ord Set,Printed Co-ord,785.00,Terracotta,cotn,XS,VEND-004,CHART-004,2024-05-29T10:00:00+00:00,true,
SKU-0207,Jaipur Print Everyday Top 207,Top,Everyday Top,1136.00,NAVY_BLUE,Viscose,M,VEND-008,CHART-008,2023-09-27T10:00:00+00:00,true,
SKU-0208,Festive Kurta Set 208,Ethnic Set,Kurta Set,414.00,navy,modal cotton,S,VEND-002,CHART-002,2023-08-23T10:00:00+00:00,true,
SKU-0209,Festive Printed Tunic 209,Tunic,Printed Tunic,630.00,Black,rayon blend,S,VEND-004,CHART-004,2023-11-22T10:00:00+00:00,true,
SKU-0210,Indigo Palazzo 210,Bottom,Palazzo,1007.00,Black,cotn,M,VEND-012,CHART-012,2023-08-01T10:00:00+00:00,true,
SKU-0211,Indigo Straight Kurti 211,Kurti,Straight Kurti,609.00,NAVY_BLUE,Polyester,L,VEND-009,CHART-009,2024-04-18T10:00:00+00:00,true,
SKU-0212,Printed Anarkali Kurti 212,Kurti,Anarkali Kurti,721.00,sage,Polyester,XL,VEND-008,CHART-008,2022-10-27T10:00:00+00:00,true,
SKU-0213,Everyday A-line Kurti 213,Kurti,A-line Kurti,465.00,Sage Green,Linen blend,M,VEND-008,CHART-008,2023-03-23T10:00:00+00:00,true,
SKU-0214,Jaipur Print Midi Dress 214,Dress,Midi Dress,959.00,mustard,Polyester,XS,VEND-001,CHART-001,2022-11-12T10:00:00+00:00,true,
SKU-0215,Jaipur Print Maxi Dress 215,Dress,Maxi Dress,772.00,rust,modal cotton,XS,VEND-010,CHART-010,2022-11-20T10:00:00+00:00,true,
SKU-0216,Soft Cotton Printed Co-ord 216,Co-ord Set,Printed Co-ord,616.00,Navy Blue,Georgette,L,VEND-008,CHART-008,2024-10-31T10:00:00+00:00,true,
SKU-0217,Festive Everyday Top 217,Top,Everyday Top,874.00,Sage Green,modal cotton,L,VEND-004,CHART-004,2023-05-04T10:00:00+00:00,true,
SKU-0218,Printed Kurta Set 218,Ethnic Set,Kurta Set,1186.00,Maroon,rayon blend,XXL,VEND-006,CHART-006,2023-12-28T10:00:00+00:00,true,
SKU-0219,Jaipur Print Printed Tunic 219,Tunic,Printed Tunic,585.00,Terracotta,Viscose,XXL,VEND-008,CHART-008,2024-04-07T10:00:00+00:00,true,
SKU-0220,Indigo Palazzo 220,Bottom,Palazzo,1357.00,Indigo,rayon blend,XL,VEND-002,CHART-002,2023-01-11T10:00:00+00:00,true,
SKU-0221,Printed Straight Kurti 221,Kurti,Straight Kurti,974.00,Terracotta,pure cotton,XXL,VEND-007,CHART-007,2024-05-26T10:00:00+00:00,true,
SKU-0222,Soft Cotton Anarkali Kurti 222,Kurti,Anarkali Kurti,669.00,Black,Linen blend,XL,VEND-010,CHART-010,2023-03-20T10:00:00+00:00,true,
SKU-0223,Jaipur Print A-line Kurti 223,Kurti,A-line Kurti,1120.00,Ivory,rayon blend,XL,VEND-003,CHART-003,2022-11-25T10:00:00+00:00,true,
SKU-0224,Festive Midi Dress 224,Dress,Midi Dress,970.00,Navy Blue,rayon blend,M,VEND-002,CHART-002,2023-09-29T10:00:00+00:00,true,
SKU-0225,Jaipur Print Maxi Dress 225,Dress,Maxi Dress,1117.00,Maroon,rayon blend,XXL,VEND-002,CHART-002,2023-07-27T10:00:00+00:00,true,
SKU-0226,Festive Printed Co-ord 226,Co-ord Set,Printed Co-ord,725.00,mustard,Linen blend,L,VEND-012,CHART-012,2023-02-26T10:00:00+00:00,true,
SKU-0227,Festive Everyday Top 227,Top,Everyday Top,1165.00,rust,Linen blend,S,VEND-002,CHART-002,2024-06-21T10:00:00+00:00,true,
SKU-0228,Printed Kurta Set 228,Ethnic Set,Kurta Set,717.00,Navy Blue,Chiffon,M,VEND-011,CHART-011,2023-02-04T10:00:00+00:00,true,
SKU-0229,Printed Printed Tunic 229,Tunic,Printed Tunic,1390.00,navy,Georgette,XS,VEND-012,CHART-012,2024-01-23T10:00:00+00:00,true,
SKU-0230,Indigo Palazzo 230,Bottom,Palazzo,762.00,Terracotta,Polyester,L,VEND-008,CHART-008,2024-04-28T10:00:00+00:00,true,
SKU-0231,Everyday Straight Kurti 231,Kurti,Straight Kurti,1066.00,Ivory,Polyester,XL,VEND-001,CHART-001,2023-02-13T10:00:00+00:00,true,
SKU-0232,Jaipur Print Anarkali Kurti 232,Kurti,Anarkali Kurti,781.00,Black,Viscose,XL,VEND-012,CHART-012,2024-03-08T10:00:00+00:00,true,
SKU-0233,Printed A-line Kurti 233,Kurti,A-line Kurti,1429.00,Sage Green,Chiffon,XXL,VEND-002,CHART-002,2022-12-25T10:00:00+00:00,true,
SKU-0234,Soft Cotton Midi Dress 234,Dress,Midi Dress,1190.00,Navy Blue,modal cotton,XL,VEND-005,CHART-005,2024-11-23T10:00:00+00:00,true,
SKU-0235,Everyday Maxi Dress 235,Dress,Maxi Dress,416.00,navy,Rayon,XL,VEND-003,CHART-003,2024-11-26T10:00:00+00:00,true,
SKU-0236,Everyday Printed Co-ord 236,Co-ord Set,Printed Co-ord,1475.00,navy,modal cotton,L,VEND-001,CHART-001,2023-01-03T10:00:00+00:00,true,
SKU-0237,Indigo Everyday Top 237,Top,Everyday Top,930.00,Navy Blue,pure cotton,S,VEND-003,CHART-003,2023-02-22T10:00:00+00:00,true,
SKU-0238,Printed Kurta Set 238,Ethnic Set,Kurta Set,783.00,sage,rayon blend,XS,VEND-005,CHART-005,2024-12-01T10:00:00+00:00,true,
SKU-0239,Everyday Printed Tunic 239,Tunic,Printed Tunic,892.00,Maroon,rayon blend,M,VEND-002,CHART-002,2023-01-08T10:00:00+00:00,true,
SKU-0240,Festive Palazzo 240,Bottom,Palazzo,849.00,maroon_red,modal cotton,XXL,VEND-007,CHART-007,2024-02-12T10:00:00+00:00,true,
SKU-0241,Soft Cotton Straight Kurti 241,Kurti,Straight Kurti,750.00,Indigo,Rayon,XL,VEND-011,CHART-011,2023-02-27T10:00:00+00:00,true,
SKU-0242,Printed Anarkali Kurti 242,Kurti,Anarkali Kurti,570.00,mustard,Viscose,XS,VEND-009,CHART-009,2023-04-02T10:00:00+00:00,true,
SKU-0243,Printed A-line Kurti 243,Kurti,A-line Kurti,1333.00,Black,Rayon,L,VEND-002,CHART-002,2023-09-03T10:00:00+00:00,true,
SKU-0244,Jaipur Print Midi Dress 244,Dress,Midi Dress,1454.00,Mustard Yellow,pure cotton,S,VEND-011,CHART-011,2024-11-06T10:00:00+00:00,true,
SKU-0245,Soft Cotton Maxi Dress 245,Dress,Maxi Dress,651.00,Black,Cotton,S,VEND-005,CHART-005,2024-01-09T10:00:00+00:00,true,
SKU-0246,Printed Printed Co-ord 246,Co-ord Set,Printed Co-ord,720.00,Indigo,modal cotton,XL,VEND-002,CHART-002,2023-03-26T10:00:00+00:00,true,
SKU-0247,Jaipur Print Everyday Top 247,Top,Everyday Top,1317.00,Black,Rayon,XS,VEND-011,CHART-011,2023-08-02T10:00:00+00:00,true,
SKU-0248,Festive Kurta Set 248,Ethnic Set,Kurta Set,483.00,Maroon,Viscose,XL,VEND-001,CHART-001,2022-12-29T10:00:00+00:00,true,
SKU-0249,Everyday Printed Tunic 249,Tunic,Printed Tunic,1209.00,Sage Green,Cotton,S,VEND-008,CHART-008,2023-02-18T10:00:00+00:00,true,
SKU-0250,Indigo Palazzo 250,Bottom,Palazzo,827.00,Ivory,Chiffon,XS,VEND-009,CHART-009,2023-12-15T10:00:00+00:00,true,
SKU-0251,Festive Straight Kurti 251,Kurti,Straight Kurti,876.00,NAVY_BLUE,Rayon,XS,VEND-002,CHART-002,2024-06-23T10:00:00+00:00,true,
SKU-0252,Soft Cotton Anarkali Kurti 252,Kurti,Anarkali Kurti,660.00,Ivory,pure cotton,S,VEND-003,CHART-003,2024-09-21T10:00:00+00:00,true,
SKU-0253,Printed A-line Kurti 253,Kurti,A-line Kurti,818.00,Black,Chiffon,XXL,VEND-007,CHART-007,2024-09-02T10:00:00+00:00,true,
SKU-0254,Indigo Midi Dress 254,Dress,Midi Dress,1096.00,navy,rayon blend,L,VEND-009,CHART-009,2024-08-04T10:00:00+00:00,true,
SKU-0255,Everyday Maxi Dress 255,Dress,Maxi Dress,440.00,Black,pure cotton,L,VEND-006,CHART-006,2023-04-21T10:00:00+00:00,true,
SKU-0256,Jaipur Print Printed Co-ord 256,Co-ord Set,Printed Co-ord,858.00,mustard,rayon blend,S,VEND-011,CHART-011,2024-06-07T10:00:00+00:00,true,
SKU-0257,Festive Everyday Top 257,Top,Everyday Top,1086.00,Navy Blue,Cotton,L,VEND-006,CHART-006,2023-02-28T10:00:00+00:00,true,
SKU-0258,Everyday Kurta Set 258,Ethnic Set,Kurta Set,750.00,Ivory,modal cotton,M,VEND-011,CHART-011,2023-06-20T10:00:00+00:00,true,
SKU-0259,Festive Printed Tunic 259,Tunic,Printed Tunic,1417.00,Ivory,pure cotton,M,VEND-004,CHART-004,2024-10-05T10:00:00+00:00,true,
SKU-0260,Festive Palazzo 260,Bottom,Palazzo,1170.00,sage,Viscose,S,VEND-005,CHART-005,2024-08-27T10:00:00+00:00,true,
SKU-0261,Everyday Straight Kurti 261,Kurti,Straight Kurti,656.00,NAVY_BLUE,Chiffon,XXL,VEND-008,CHART-008,2024-04-25T10:00:00+00:00,true,
SKU-0262,Festive Anarkali Kurti 262,Kurti,Anarkali Kurti,593.00,Ivory,Rayon,S,VEND-002,CHART-002,2023-02-03T10:00:00+00:00,true,
SKU-0263,Indigo A-line Kurti 263,Kurti,A-line Kurti,820.00,navy,modal cotton,XXL,VEND-003,CHART-003,2024-07-22T10:00:00+00:00,true,
SKU-0264,Soft Cotton Midi Dress 264,Dress,Midi Dress,1377.00,NAVY_BLUE,Chiffon,XL,VEND-010,CHART-010,2024-03-09T10:00:00+00:00,true,
SKU-0265,Festive Maxi Dress 265,Dress,Maxi Dress,1233.00,NAVY_BLUE,Rayon,XL,VEND-007,CHART-007,2024-05-26T10:00:00+00:00,true,
SKU-0266,Jaipur Print Printed Co-ord 266,Co-ord Set,Printed Co-ord,651.00,navy,Chiffon,S,VEND-009,CHART-009,2022-12-09T10:00:00+00:00,true,
SKU-0267,Soft Cotton Everyday Top 267,Top,Everyday Top,1432.00,Navy Blue,Viscose,S,VEND-007,CHART-007,2023-05-03T10:00:00+00:00,true,
SKU-0268,Festive Kurta Set 268,Ethnic Set,Kurta Set,413.00,navy,modal cotton,XL,VEND-007,CHART-007,2023-03-21T10:00:00+00:00,true,
SKU-0269,Soft Cotton Printed Tunic 269,Tunic,Printed Tunic,795.00,NAVY_BLUE,Rayon,M,VEND-004,CHART-004,2023-02-12T10:00:00+00:00,true,
SKU-0270,Soft Cotton Palazzo 270,Bottom,Palazzo,1135.00,Black,cotn,XS,VEND-007,CHART-007,2024-03-13T10:00:00+00:00,true,
SKU-0271,Indigo Straight Kurti 271,Kurti,Straight Kurti,1262.00,Mustard Yellow,Viscose,M,VEND-011,CHART-011,2023-03-15T10:00:00+00:00,true,
SKU-0272,Printed Anarkali Kurti 272,Kurti,Anarkali Kurti,703.00,rust,Chiffon,L,VEND-010,CHART-010,2024-02-13T10:00:00+00:00,true,
SKU-0273,Soft Cotton A-line Kurti 273,Kurti,A-line Kurti,678.00,navy,Linen blend,XXL,VEND-002,CHART-002,2023-09-12T10:00:00+00:00,true,
SKU-0274,Festive Midi Dress 274,Dress,Midi Dress,1031.00,mustard,Polyester,XL,VEND-005,CHART-005,2024-01-01T10:00:00+00:00,true,
SKU-0275,Jaipur Print Maxi Dress 275,Dress,Maxi Dress,555.00,Navy Blue,cotn,L,VEND-008,CHART-008,2024-09-27T10:00:00+00:00,true,
SKU-0276,Soft Cotton Printed Co-ord 276,Co-ord Set,Printed Co-ord,808.00,maroon_red,Linen blend,XL,VEND-007,CHART-007,2024-01-13T10:00:00+00:00,true,
SKU-0277,Soft Cotton Everyday Top 277,Top,Everyday Top,1201.00,sage,Linen blend,M,VEND-005,CHART-005,2023-01-02T10:00:00+00:00,true,
SKU-0278,Jaipur Print Kurta Set 278,Ethnic Set,Kurta Set,638.00,mustard,Rayon,XS,VEND-004,CHART-004,2024-07-02T10:00:00+00:00,true,
SKU-0279,Soft Cotton Printed Tunic 279,Tunic,Printed Tunic,854.00,Indigo,Chiffon,XS,VEND-001,CHART-001,2023-08-16T10:00:00+00:00,true,
SKU-0280,Printed Palazzo 280,Bottom,Palazzo,896.00,Mustard Yellow,pure cotton,S,VEND-005,CHART-005,2023-09-06T10:00:00+00:00,true,
SKU-0281,Soft Cotton Straight Kurti 281,Kurti,Straight Kurti,1389.00,navy,pure cotton,XL,VEND-009,CHART-009,2023-12-09T10:00:00+00:00,true,
SKU-0282,Festive Anarkali Kurti 282,Kurti,Anarkali Kurti,1131.00,Navy Blue,Rayon,M,VEND-009,CHART-009,2023-10-15T10:00:00+00:00,true,
SKU-0283,Jaipur Print A-line Kurti 283,Kurti,A-line Kurti,550.00,navy,Polyester,S,VEND-007,CHART-007,2023-12-23T10:00:00+00:00,true,
SKU-0284,Festive Midi Dress 284,Dress,Midi Dress,1235.00,Sage Green,pure cotton,M,VEND-012,CHART-012,2022-11-29T10:00:00+00:00,true,
SKU-0285,Everyday Maxi Dress 285,Dress,Maxi Dress,1060.00,maroon_red,Cotton,M,VEND-005,CHART-005,2024-05-17T10:00:00+00:00,true,
SKU-0286,Soft Cotton Printed Co-ord 286,Co-ord Set,Printed Co-ord,1122.00,Mustard Yellow,rayon blend,S,VEND-001,CHART-001,2024-11-02T10:00:00+00:00,true,
SKU-0287,Printed Everyday Top 287,Top,Everyday Top,678.00,Ivory,Georgette,M,VEND-004,CHART-004,2024-01-11T10:00:00+00:00,true,
SKU-0288,Everyday Kurta Set 288,Ethnic Set,Kurta Set,1419.00,Navy Blue,Chiffon,XXL,VEND-010,CHART-010,2023-11-10T10:00:00+00:00,true,
SKU-0289,Indigo Printed Tunic 289,Tunic,Printed Tunic,444.00,navy,pure cotton,XXL,VEND-001,CHART-001,2023-02-14T10:00:00+00:00,true,
SKU-0290,Indigo Palazzo 290,Bottom,Palazzo,675.00,Ivory,Polyester,M,VEND-011,CHART-011,2024-05-16T10:00:00+00:00,true,
SKU-0291,Printed Straight Kurti 291,Kurti,Straight Kurti,422.00,sage,rayon blend,XXL,VEND-001,CHART-001,2023-12-10T10:00:00+00:00,true,
SKU-0292,Soft Cotton Anarkali Kurti 292,Kurti,Anarkali Kurti,633.00,mustard,cotn,XS,VEND-009,CHART-009,2024-07-04T10:00:00+00:00,true,
SKU-0293,Printed A-line Kurti 293,Kurti,A-line Kurti,774.00,Ivory,cotn,XL,VEND-010,CHART-010,2024-11-25T10:00:00+00:00,true,
SKU-0294,Jaipur Print Midi Dress 294,Dress,Midi Dress,592.00,sage,Polyester,S,VEND-008,CHART-008,2024-11-06T10:00:00+00:00,true,
SKU-0295,Indigo Maxi Dress 295,Dress,Maxi Dress,1369.00,Terracotta,Georgette,M,VEND-003,CHART-003,2024-12-13T10:00:00+00:00,true,
SKU-0296,Soft Cotton Printed Co-ord 296,Co-ord Set,Printed Co-ord,1310.00,NAVY_BLUE,cotn,L,VEND-011,CHART-011,2024-11-09T10:00:00+00:00,true,
SKU-0297,Printed Everyday Top 297,Top,Everyday Top,1458.00,Black,pure cotton,XXL,VEND-004,CHART-004,2023-04-29T10:00:00+00:00,true,
SKU-0298,Indigo Kurta Set 298,Ethnic Set,Kurta Set,771.00,Black,cotn,M,VEND-004,CHART-004,2024-08-06T10:00:00+00:00,true,
SKU-0299,Printed Printed Tunic 299,Tunic,Printed Tunic,1064.00,Ivory,modal cotton,L,VEND-008,CHART-008,2023-10-31T10:00:00+00:00,true,
SKU-0300,Indigo Palazzo 300,Bottom,Palazzo,1349.00,maroon_red,Chiffon,XXL,VEND-010,CHART-010,2024-07-29T10:00:00+00:00,true,
SKU-0301,Soft Cotton Straight Kurti 301,Kurti,Straight Kurti,631.00,sage,pure cotton,XS,VEND-007,CHART-007,2023-11-10T10:00:00+00:00,true,
SKU-0302,Indigo Anarkali Kurti 302,Kurti,Anarkali Kurti,819.00,mustard,Linen blend,S,VEND-012,CHART-012,2022-10-24T10:00:00+00:00,true,
SKU-0303,Everyday A-line Kurti 303,Kurti,A-line Kurti,952.00,Terracotta,Polyester,M,VEND-012,CHART-012,2023-03-19T10:00:00+00:00,true,
SKU-0304,Jaipur Print Midi Dress 304,Dress,Midi Dress,887.00,Indigo,Cotton,S,VEND-002,CHART-002,2023-04-17T10:00:00+00:00,true,
SKU-0305,Indigo Maxi Dress 305,Dress,Maxi Dress,872.00,Mustard Yellow,Linen blend,L,VEND-005,CHART-005,2022-10-24T10:00:00+00:00,true,
SKU-0306,Everyday Printed Co-ord 306,Co-ord Set,Printed Co-ord,512.00,Sage Green,modal cotton,M,VEND-005,CHART-005,2022-12-27T10:00:00+00:00,true,
SKU-0307,Jaipur Print Everyday Top 307,Top,Everyday Top,1315.00,maroon_red,Georgette,XXL,VEND-011,CHART-011,2023-07-01T10:00:00+00:00,true,
SKU-0308,Soft Cotton Kurta Set 308,Ethnic Set,Kurta Set,531.00,Ivory,Linen blend,M,VEND-006,CHART-006,2023-03-11T10:00:00+00:00,true,
SKU-0309,Jaipur Print Printed Tunic 309,Tunic,Printed Tunic,1416.00,sage,Georgette,XL,VEND-002,CHART-002,2024-10-23T10:00:00+00:00,true,
SKU-0310,Jaipur Print Palazzo 310,Bottom,Palazzo,840.00,Navy Blue,Rayon,XL,VEND-005,CHART-005,2023-08-13T10:00:00+00:00,true,
SKU-0311,Everyday Straight Kurti 311,Kurti,Straight Kurti,729.00,Ivory,Viscose,XXL,VEND-001,CHART-001,2023-03-01T10:00:00+00:00,true,
SKU-0312,Indigo Anarkali Kurti 312,Kurti,Anarkali Kurti,866.00,Sage Green,Viscose,XS,VEND-004,CHART-004,2024-04-23T10:00:00+00:00,true,
SKU-0313,Printed A-line Kurti 313,Kurti,A-line Kurti,1044.00,Ivory,Rayon,XXL,VEND-010,CHART-010,2023-04-12T10:00:00+00:00,true,
SKU-0314,Everyday Midi Dress 314,Dress,Midi Dress,724.00,Terracotta,Chiffon,M,VEND-008,CHART-008,2023-01-07T10:00:00+00:00,true,
SKU-0315,Jaipur Print Maxi Dress 315,Dress,Maxi Dress,1387.00,Ivory,rayon blend,L,VEND-002,CHART-002,2024-04-17T10:00:00+00:00,true,
SKU-0316,Festive Printed Co-ord 316,Co-ord Set,Printed Co-ord,408.00,Maroon,Polyester,M,VEND-001,CHART-001,2022-12-26T10:00:00+00:00,true,
SKU-0317,Festive Everyday Top 317,Top,Everyday Top,624.00,Indigo,Viscose,M,VEND-003,CHART-003,2024-05-27T10:00:00+00:00,true,
SKU-0318,Jaipur Print Kurta Set 318,Ethnic Set,Kurta Set,1210.00,Navy Blue,Polyester,XS,VEND-004,CHART-004,2022-11-21T10:00:00+00:00,true,
SKU-0319,Printed Printed Tunic 319,Tunic,Printed Tunic,1314.00,Maroon,Polyester,L,VEND-011,CHART-011,2024-09-24T10:00:00+00:00,true,
SKU-0320,Soft Cotton Palazzo 320,Bottom,Palazzo,1482.00,Navy Blue,Georgette,XL,VEND-008,CHART-008,2024-09-15T10:00:00+00:00,true,
SKU-0321,Everyday Straight Kurti 321,Kurti,Straight Kurti,1417.00,Maroon,Cotton,M,VEND-010,CHART-010,2022-11-27T10:00:00+00:00,true,
SKU-0322,Indigo Anarkali Kurti 322,Kurti,Anarkali Kurti,452.00,rust,rayon blend,M,VEND-002,CHART-002,2022-11-03T10:00:00+00:00,true,
SKU-0323,Jaipur Print A-line Kurti 323,Kurti,A-line Kurti,887.00,Navy Blue,rayon blend,M,VEND-001,CHART-001,2024-06-14T10:00:00+00:00,true,
SKU-0324,Indigo Midi Dress 324,Dress,Midi Dress,746.00,Ivory,pure cotton,L,VEND-002,CHART-002,2024-10-06T10:00:00+00:00,true,
SKU-0325,Jaipur Print Maxi Dress 325,Dress,Maxi Dress,958.00,sage,rayon blend,XL,VEND-011,CHART-011,2024-09-12T10:00:00+00:00,true,
SKU-0326,Jaipur Print Printed Co-ord 326,Co-ord Set,Printed Co-ord,819.00,Ivory,Cotton,XS,VEND-004,CHART-004,2024-12-09T10:00:00+00:00,true,
SKU-0327,Indigo Everyday Top 327,Top,Everyday Top,926.00,maroon_red,rayon blend,S,VEND-001,CHART-001,2023-11-24T10:00:00+00:00,true,
SKU-0328,Festive Kurta Set 328,Ethnic Set,Kurta Set,1105.00,Indigo,rayon blend,L,VEND-008,CHART-008,2023-03-20T10:00:00+00:00,true,
SKU-0329,Printed Printed Tunic 329,Tunic,Printed Tunic,565.00,navy,Georgette,XL,VEND-010,CHART-010,2024-11-07T10:00:00+00:00,true,
SKU-0330,Everyday Palazzo 330,Bottom,Palazzo,529.00,mustard,Chiffon,M,VEND-008,CHART-008,2024-08-09T10:00:00+00:00,true,
SKU-0331,Indigo Straight Kurti 331,Kurti,Straight Kurti,1281.00,rust,Rayon,S,VEND-011,CHART-011,2023-04-17T10:00:00+00:00,true,
SKU-0332,Soft Cotton Anarkali Kurti 332,Kurti,Anarkali Kurti,1498.00,Navy Blue,Polyester,S,VEND-002,CHART-002,2024-09-08T10:00:00+00:00,true,
SKU-0333,Everyday A-line Kurti 333,Kurti,A-line Kurti,886.00,Indigo,modal cotton,M,VEND-001,CHART-001,2023-02-01T10:00:00+00:00,true,
SKU-0334,Printed Midi Dress 334,Dress,Midi Dress,667.00,Black,Rayon,S,VEND-010,CHART-010,2023-01-27T10:00:00+00:00,true,
SKU-0335,Jaipur Print Maxi Dress 335,Dress,Maxi Dress,1249.00,Black,Linen blend,M,VEND-005,CHART-005,2024-11-10T10:00:00+00:00,true,
SKU-0336,Soft Cotton Printed Co-ord 336,Co-ord Set,Printed Co-ord,835.00,Ivory,Rayon,S,VEND-011,CHART-011,2023-06-22T10:00:00+00:00,true,
SKU-0337,Indigo Everyday Top 337,Top,Everyday Top,1141.00,Navy Blue,Linen blend,L,VEND-003,CHART-003,2024-07-03T10:00:00+00:00,true,
SKU-0338,Printed Kurta Set 338,Ethnic Set,Kurta Set,1059.00,Black,cotn,S,VEND-001,CHART-001,2023-12-16T10:00:00+00:00,true,
SKU-0339,Festive Printed Tunic 339,Tunic,Printed Tunic,480.00,navy,Cotton,XL,VEND-011,CHART-011,2024-03-13T10:00:00+00:00,true,
SKU-0340,Indigo Palazzo 340,Bottom,Palazzo,810.00,navy,Linen blend,S,VEND-011,CHART-011,2024-04-15T10:00:00+00:00,true,
SKU-0341,Festive Straight Kurti 341,Kurti,Straight Kurti,1362.00,Indigo,Rayon,XL,VEND-006,CHART-006,2023-02-07T10:00:00+00:00,true,
SKU-0342,Printed Anarkali Kurti 342,Kurti,Anarkali Kurti,611.00,Terracotta,Viscose,XL,VEND-004,CHART-004,2022-11-22T10:00:00+00:00,true,
SKU-0343,Jaipur Print A-line Kurti 343,Kurti,A-line Kurti,841.00,Mustard Yellow,Rayon,S,VEND-010,CHART-010,2024-09-16T10:00:00+00:00,true,
SKU-0344,Soft Cotton Midi Dress 344,Dress,Midi Dress,631.00,Terracotta,Georgette,L,VEND-004,CHART-004,2024-02-05T10:00:00+00:00,true,
SKU-0345,Indigo Maxi Dress 345,Dress,Maxi Dress,1285.00,Sage Green,pure cotton,XS,VEND-011,CHART-011,2023-01-20T10:00:00+00:00,true,
SKU-0346,Indigo Printed Co-ord 346,Co-ord Set,Printed Co-ord,749.00,Sage Green,pure cotton,L,VEND-005,CHART-005,2023-12-24T10:00:00+00:00,true,
SKU-0347,Soft Cotton Everyday Top 347,Top,Everyday Top,992.00,NAVY_BLUE,Rayon,L,VEND-003,CHART-003,2023-12-12T10:00:00+00:00,true,
SKU-0348,Jaipur Print Kurta Set 348,Ethnic Set,Kurta Set,694.00,mustard,Georgette,M,VEND-010,CHART-010,2023-04-10T10:00:00+00:00,true,
SKU-0349,Indigo Printed Tunic 349,Tunic,Printed Tunic,481.00,rust,Viscose,M,VEND-008,CHART-008,2023-10-13T10:00:00+00:00,true,
SKU-0350,Indigo Palazzo 350,Bottom,Palazzo,599.00,Ivory,Georgette,XL,VEND-006,CHART-006,2022-11-10T10:00:00+00:00,true,
SKU-0351,Soft Cotton Straight Kurti 351,Kurti,Straight Kurti,848.00,maroon_red,Cotton,S,VEND-001,CHART-001,2022-11-02T10:00:00+00:00,true,
SKU-0352,Everyday Anarkali Kurti 352,Kurti,Anarkali Kurti,527.00,Maroon,Polyester,XL,VEND-006,CHART-006,2023-07-28T10:00:00+00:00,true,
SKU-0353,Jaipur Print A-line Kurti 353,Kurti,A-line Kurti,589.00,Maroon,Rayon,M,VEND-006,CHART-006,2023-07-24T10:00:00+00:00,true,
SKU-0354,Jaipur Print Midi Dress 354,Dress,Midi Dress,1305.00,Ivory,Viscose,XL,VEND-010,CHART-010,2024-07-02T10:00:00+00:00,true,
SKU-0355,Jaipur Print Maxi Dress 355,Dress,Maxi Dress,805.00,Ivory,Georgette,S,VEND-001,CHART-001,2024-07-27T10:00:00+00:00,true,
SKU-0356,Soft Cotton Printed Co-ord 356,Co-ord Set,Printed Co-ord,535.00,navy,Polyester,XXL,VEND-001,CHART-001,2024-03-13T10:00:00+00:00,true,
SKU-0357,Soft Cotton Everyday Top 357,Top,Everyday Top,454.00,navy,modal cotton,XL,VEND-009,CHART-009,2023-10-01T10:00:00+00:00,true,
SKU-0358,Everyday Kurta Set 358,Ethnic Set,Kurta Set,944.00,Mustard Yellow,Rayon,XL,VEND-007,CHART-007,2024-08-13T10:00:00+00:00,true,
SKU-0359,Everyday Printed Tunic 359,Tunic,Printed Tunic,1265.00,Black,Georgette,XXL,VEND-010,CHART-010,2024-08-27T10:00:00+00:00,true,
SKU-0360,Indigo Palazzo 360,Bottom,Palazzo,1064.00,Mustard Yellow,Rayon,XL,VEND-012,CHART-012,2023-07-22T10:00:00+00:00,true,
SKU-0361,Soft Cotton Straight Kurti 361,Kurti,Straight Kurti,994.00,NAVY_BLUE,modal cotton,XXL,VEND-004,CHART-004,2023-12-22T10:00:00+00:00,true,
SKU-0362,Soft Cotton Anarkali Kurti 362,Kurti,Anarkali Kurti,901.00,Terracotta,cotn,M,VEND-006,CHART-006,2023-09-09T10:00:00+00:00,true,
SKU-0363,Printed A-line Kurti 363,Kurti,A-line Kurti,772.00,Mustard Yellow,Cotton,L,VEND-001,CHART-001,2024-03-12T10:00:00+00:00,true,
SKU-0364,Printed Midi Dress 364,Dress,Midi Dress,1248.00,Sage Green,cotn,XS,VEND-009,CHART-009,2022-11-07T10:00:00+00:00,true,
SKU-0365,Jaipur Print Maxi Dress 365,Dress,Maxi Dress,817.00,Terracotta,rayon blend,XXL,VEND-002,CHART-002,2023-02-09T10:00:00+00:00,true,
SKU-0366,Jaipur Print Printed Co-ord 366,Co-ord Set,Printed Co-ord,861.00,mustard,cotn,XS,VEND-012,CHART-012,2024-12-22T10:00:00+00:00,true,
SKU-0367,Printed Everyday Top 367,Top,Everyday Top,1421.00,Black,Rayon,L,VEND-008,CHART-008,2023-02-04T10:00:00+00:00,true,
SKU-0368,Soft Cotton Kurta Set 368,Ethnic Set,Kurta Set,672.00,sage,pure cotton,XXL,VEND-003,CHART-003,2023-10-30T10:00:00+00:00,true,
SKU-0369,Indigo Printed Tunic 369,Tunic,Printed Tunic,1279.00,NAVY_BLUE,Chiffon,XS,VEND-010,CHART-010,2023-01-08T10:00:00+00:00,true,
SKU-0370,Jaipur Print Palazzo 370,Bottom,Palazzo,871.00,maroon_red,Georgette,L,VEND-007,CHART-007,2024-07-24T10:00:00+00:00,true,
SKU-0371,Soft Cotton Straight Kurti 371,Kurti,Straight Kurti,716.00,Terracotta,Georgette,S,VEND-011,CHART-011,2024-04-07T10:00:00+00:00,true,
SKU-0372,Everyday Anarkali Kurti 372,Kurti,Anarkali Kurti,1216.00,Indigo,Rayon,L,VEND-009,CHART-009,2024-07-12T10:00:00+00:00,true,
SKU-0373,Everyday A-line Kurti 373,Kurti,A-line Kurti,710.00,Indigo,modal cotton,S,VEND-002,CHART-002,2023-11-16T10:00:00+00:00,true,
SKU-0374,Everyday Midi Dress 374,Dress,Midi Dress,1075.00,Maroon,Chiffon,L,VEND-006,CHART-006,2024-08-14T10:00:00+00:00,true,
SKU-0375,Indigo Maxi Dress 375,Dress,Maxi Dress,443.00,Navy Blue,pure cotton,XS,VEND-006,CHART-006,2022-12-15T10:00:00+00:00,true,
SKU-0376,Jaipur Print Printed Co-ord 376,Co-ord Set,Printed Co-ord,1039.00,Indigo,Viscose,L,VEND-012,CHART-012,2023-08-23T10:00:00+00:00,true,
SKU-0377,Printed Everyday Top 377,Top,Everyday Top,945.00,navy,Viscose,XS,VEND-011,CHART-011,2023-03-20T10:00:00+00:00,true,
SKU-0378,Jaipur Print Kurta Set 378,Ethnic Set,Kurta Set,441.00,NAVY_BLUE,Polyester,XL,VEND-008,CHART-008,2024-03-30T10:00:00+00:00,true,
SKU-0379,Indigo Printed Tunic 379,Tunic,Printed Tunic,1320.00,maroon_red,Georgette,S,VEND-012,CHART-012,2024-04-09T10:00:00+00:00,true,
SKU-0380,Printed Palazzo 380,Bottom,Palazzo,409.00,mustard,Georgette,S,VEND-009,CHART-009,2024-05-21T10:00:00+00:00,true,
SKU-0381,Soft Cotton Straight Kurti 381,Kurti,Straight Kurti,1307.00,rust,Viscose,M,VEND-008,CHART-008,2023-07-25T10:00:00+00:00,true,
SKU-0382,Jaipur Print Anarkali Kurti 382,Kurti,Anarkali Kurti,768.00,Maroon,cotn,L,VEND-010,CHART-010,2023-08-21T10:00:00+00:00,true,
SKU-0383,Soft Cotton A-line Kurti 383,Kurti,A-line Kurti,1433.00,Mustard Yellow,Viscose,XL,VEND-004,CHART-004,2024-08-19T10:00:00+00:00,true,
SKU-0384,Indigo Midi Dress 384,Dress,Midi Dress,689.00,Maroon,cotn,XXL,VEND-005,CHART-005,2024-10-19T10:00:00+00:00,true,
SKU-0385,Printed Maxi Dress 385,Dress,Maxi Dress,468.00,maroon_red,Chiffon,XXL,VEND-005,CHART-005,2023-05-24T10:00:00+00:00,true,
SKU-0386,Indigo Printed Co-ord 386,Co-ord Set,Printed Co-ord,636.00,Mustard Yellow,Cotton,L,VEND-007,CHART-007,2024-01-21T10:00:00+00:00,true,
SKU-0387,Everyday Everyday Top 387,Top,Everyday Top,1016.00,sage,Polyester,XS,VEND-011,CHART-011,2023-12-31T10:00:00+00:00,true,
SKU-0388,Jaipur Print Kurta Set 388,Ethnic Set,Kurta Set,843.00,maroon_red,Cotton,S,VEND-003,CHART-003,2023-07-03T10:00:00+00:00,true,
SKU-0389,Soft Cotton Printed Tunic 389,Tunic,Printed Tunic,1000.00,sage,Rayon,L,VEND-001,CHART-001,2023-09-21T10:00:00+00:00,true,
SKU-0390,Jaipur Print Palazzo 390,Bottom,Palazzo,859.00,navy,Georgette,S,VEND-007,CHART-007,2024-08-31T10:00:00+00:00,true,
SKU-0391,Soft Cotton Straight Kurti 391,Kurti,Straight Kurti,1204.00,maroon_red,rayon blend,L,VEND-006,CHART-006,2024-02-06T10:00:00+00:00,true,
SKU-0392,Indigo Anarkali Kurti 392,Kurti,Anarkali Kurti,530.00,Ivory,cotn,XL,VEND-001,CHART-001,2022-11-07T10:00:00+00:00,true,
SKU-0393,Indigo A-line Kurti 393,Kurti,A-line Kurti,1421.00,navy,Cotton,XS,VEND-006,CHART-006,2024-06-02T10:00:00+00:00,true,
SKU-0394,Indigo Midi Dress 394,Dress,Midi Dress,1071.00,maroon_red,modal cotton,L,VEND-011,CHART-011,2024-06-19T10:00:00+00:00,true,
SKU-0395,Indigo Maxi Dress 395,Dress,Maxi Dress,424.00,NAVY_BLUE,Georgette,XS,VEND-005,CHART-005,2023-03-14T10:00:00+00:00,true,
SKU-0396,Everyday Printed Co-ord 396,Co-ord Set,Printed Co-ord,734.00,navy,Viscose,XS,VEND-001,CHART-001,2023-09-12T10:00:00+00:00,true,
SKU-0397,Jaipur Print Everyday Top 397,Top,Everyday Top,961.00,Mustard Yellow,Polyester,XXL,VEND-003,CHART-003,2024-10-16T10:00:00+00:00,true,
SKU-0398,Jaipur Print Kurta Set 398,Ethnic Set,Kurta Set,435.00,NAVY_BLUE,Viscose,XS,VEND-004,CHART-004,2023-02-09T10:00:00+00:00,true,
SKU-0399,Printed Printed Tunic 399,Tunic,Printed Tunic,704.00,maroon_red,modal cotton,XL,VEND-011,CHART-011,2024-04-11T10:00:00+00:00,true,
SKU-0400,Festive Palazzo 400,Bottom,Palazzo,918.00,maroon_red,Cotton,L,VEND-003,CHART-003,2023-01-11T10:00:00+00:00,true,
SKU-0401,Everyday Straight Kurti 401,Kurti,Straight Kurti,822.00,mustard,rayon blend,XS,VEND-010,CHART-010,2024-07-15T10:00:00+00:00,true,
SKU-0402,Indigo Anarkali Kurti 402,Kurti,Anarkali Kurti,1022.00,Indigo,rayon blend,S,VEND-004,CHART-004,2023-02-20T10:00:00+00:00,true,
SKU-0403,Jaipur Print A-line Kurti 403,Kurti,A-line Kurti,841.00,Terracotta,modal cotton,XS,VEND-008,CHART-008,2024-10-19T10:00:00+00:00,true,
SKU-0404,Everyday Midi Dress 404,Dress,Midi Dress,567.00,Terracotta,Linen blend,M,VEND-008,CHART-008,2022-11-04T10:00:00+00:00,true,
SKU-0405,Printed Maxi Dress 405,Dress,Maxi Dress,860.00,rust,rayon blend,M,VEND-002,CHART-002,2024-11-12T10:00:00+00:00,true,
SKU-0406,Jaipur Print Printed Co-ord 406,Co-ord Set,Printed Co-ord,624.00,NAVY_BLUE,Linen blend,S,VEND-001,CHART-001,2023-10-25T10:00:00+00:00,true,
SKU-0407,Soft Cotton Everyday Top 407,Top,Everyday Top,1182.00,rust,Linen blend,XS,VEND-010,CHART-010,2024-09-19T10:00:00+00:00,true,
SKU-0408,Printed Kurta Set 408,Ethnic Set,Kurta Set,626.00,NAVY_BLUE,rayon blend,S,VEND-004,CHART-004,2024-08-25T10:00:00+00:00,true,
SKU-0409,Soft Cotton Printed Tunic 409,Tunic,Printed Tunic,756.00,Navy Blue,pure cotton,XXL,VEND-005,CHART-005,2023-10-24T10:00:00+00:00,true,
SKU-0410,Printed Palazzo 410,Bottom,Palazzo,1183.00,Black,Chiffon,L,VEND-001,CHART-001,2023-03-14T10:00:00+00:00,true,
SKU-0411,Printed Straight Kurti 411,Kurti,Straight Kurti,486.00,Maroon,Linen blend,M,VEND-012,CHART-012,2023-06-15T10:00:00+00:00,true,
SKU-0412,Everyday Anarkali Kurti 412,Kurti,Anarkali Kurti,636.00,navy,cotn,XS,VEND-008,CHART-008,2022-12-17T10:00:00+00:00,true,
SKU-0413,Indigo A-line Kurti 413,Kurti,A-line Kurti,518.00,Maroon,Rayon,L,VEND-009,CHART-009,2024-11-28T10:00:00+00:00,true,
SKU-0414,Soft Cotton Midi Dress 414,Dress,Midi Dress,1295.00,Ivory,Polyester,M,VEND-009,CHART-009,2024-02-18T10:00:00+00:00,true,
SKU-0415,Festive Maxi Dress 415,Dress,Maxi Dress,993.00,Ivory,Rayon,S,VEND-011,CHART-011,2024-04-09T10:00:00+00:00,true,
SKU-0416,Everyday Printed Co-ord 416,Co-ord Set,Printed Co-ord,578.00,Terracotta,modal cotton,S,VEND-005,CHART-005,2024-08-14T10:00:00+00:00,true,
SKU-0417,Jaipur Print Everyday Top 417,Top,Everyday Top,474.00,Terracotta,pure cotton,L,VEND-003,CHART-003,2024-06-25T10:00:00+00:00,true,
SKU-0418,Festive Kurta Set 418,Ethnic Set,Kurta Set,1149.00,maroon_red,Rayon,M,VEND-003,CHART-003,2023-07-24T10:00:00+00:00,true,
SKU-0419,Jaipur Print Printed Tunic 419,Tunic,Printed Tunic,1264.00,mustard,Georgette,XXL,VEND-003,CHART-003,2024-10-27T10:00:00+00:00,true,
SKU-0420,Everyday Palazzo 420,Bottom,Palazzo,806.00,mustard,Viscose,XS,VEND-002,CHART-002,2023-11-24T10:00:00+00:00,true,
SKU-0421,Soft Cotton Straight Kurti 421,Kurti,Straight Kurti,788.00,maroon_red,Rayon,L,VEND-002,CHART-002,2024-05-09T10:00:00+00:00,true,
SKU-0422,Soft Cotton Anarkali Kurti 422,Kurti,Anarkali Kurti,1068.00,Sage Green,cotn,XL,VEND-003,CHART-003,2023-10-20T10:00:00+00:00,true,
SKU-0423,Printed A-line Kurti 423,Kurti,A-line Kurti,1371.00,Navy Blue,pure cotton,XXL,VEND-009,CHART-009,2023-10-26T10:00:00+00:00,true,
SKU-0424,Festive Midi Dress 424,Dress,Midi Dress,536.00,mustard,Viscose,XS,VEND-012,CHART-012,2024-06-15T10:00:00+00:00,true,
SKU-0425,Festive Maxi Dress 425,Dress,Maxi Dress,1244.00,Sage Green,Rayon,S,VEND-002,CHART-002,2023-10-07T10:00:00+00:00,true,
SKU-0426,Indigo Printed Co-ord 426,Co-ord Set,Printed Co-ord,952.00,Navy Blue,rayon blend,S,VEND-011,CHART-011,2024-08-03T10:00:00+00:00,true,
SKU-0427,Everyday Everyday Top 427,Top,Everyday Top,432.00,Navy Blue,Polyester,XL,VEND-007,CHART-007,2024-07-18T10:00:00+00:00,true,
SKU-0428,Printed Kurta Set 428,Ethnic Set,Kurta Set,1082.00,Black,Chiffon,M,VEND-001,CHART-001,2023-02-22T10:00:00+00:00,true,
SKU-0429,Festive Printed Tunic 429,Tunic,Printed Tunic,554.00,navy,pure cotton,XXL,VEND-006,CHART-006,2023-02-17T10:00:00+00:00,true,
SKU-0430,Festive Palazzo 430,Bottom,Palazzo,678.00,Black,Linen blend,L,VEND-008,CHART-008,2024-02-27T10:00:00+00:00,true,
SKU-0431,Jaipur Print Straight Kurti 431,Kurti,Straight Kurti,613.00,Maroon,Cotton,XS,VEND-002,CHART-002,2023-06-08T10:00:00+00:00,true,
SKU-0432,Soft Cotton Anarkali Kurti 432,Kurti,Anarkali Kurti,1302.00,Ivory,rayon blend,XL,VEND-002,CHART-002,2024-05-10T10:00:00+00:00,true,
SKU-0433,Everyday A-line Kurti 433,Kurti,A-line Kurti,577.00,Terracotta,rayon blend,XXL,VEND-012,CHART-012,2023-10-19T10:00:00+00:00,true,
SKU-0434,Jaipur Print Midi Dress 434,Dress,Midi Dress,1097.00,maroon_red,Viscose,M,VEND-012,CHART-012,2023-05-16T10:00:00+00:00,true,
SKU-0435,Jaipur Print Maxi Dress 435,Dress,Maxi Dress,590.00,Sage Green,Polyester,XS,VEND-009,CHART-009,2024-06-18T10:00:00+00:00,true,
SKU-0436,Festive Printed Co-ord 436,Co-ord Set,Printed Co-ord,424.00,Indigo,rayon blend,M,VEND-004,CHART-004,2024-05-09T10:00:00+00:00,true,
SKU-0437,Indigo Everyday Top 437,Top,Everyday Top,1319.00,Terracotta,Chiffon,XS,VEND-006,CHART-006,2024-03-07T10:00:00+00:00,true,
SKU-0438,Indigo Kurta Set 438,Ethnic Set,Kurta Set,1423.00,Black,Polyester,S,VEND-012,CHART-012,2024-04-13T10:00:00+00:00,true,
SKU-0439,Everyday Printed Tunic 439,Tunic,Printed Tunic,1309.00,Terracotta,Georgette,L,VEND-001,CHART-001,2023-06-09T10:00:00+00:00,true,
SKU-0440,Festive Palazzo 440,Bottom,Palazzo,820.00,rust,Linen blend,S,VEND-003,CHART-003,2023-02-16T10:00:00+00:00,true,
SKU-0441,Everyday Straight Kurti 441,Kurti,Straight Kurti,964.00,rust,pure cotton,S,VEND-003,CHART-003,2024-11-09T10:00:00+00:00,true,
SKU-0442,Printed Anarkali Kurti 442,Kurti,Anarkali Kurti,487.00,maroon_red,Polyester,XXL,VEND-006,CHART-006,2024-10-29T10:00:00+00:00,true,
SKU-0443,Festive A-line Kurti 443,Kurti,A-line Kurti,1002.00,Black,rayon blend,M,VEND-001,CHART-001,2023-12-17T10:00:00+00:00,true,
SKU-0444,Everyday Midi Dress 444,Dress,Midi Dress,862.00,mustard,Viscose,L,VEND-001,CHART-001,2024-01-21T10:00:00+00:00,true,
SKU-0445,Soft Cotton Maxi Dress 445,Dress,Maxi Dress,1134.00,Mustard Yellow,cotn,XS,VEND-006,CHART-006,2023-11-24T10:00:00+00:00,true,
SKU-0446,Soft Cotton Printed Co-ord 446,Co-ord Set,Printed Co-ord,613.00,Sage Green,Cotton,XL,VEND-004,CHART-004,2024-07-20T10:00:00+00:00,true,
SKU-0447,Printed Everyday Top 447,Top,Everyday Top,968.00,Black,Polyester,M,VEND-004,CHART-004,2023-04-08T10:00:00+00:00,true,
SKU-0448,Soft Cotton Kurta Set 448,Ethnic Set,Kurta Set,415.00,maroon_red,Chiffon,S,VEND-005,CHART-005,2024-11-14T10:00:00+00:00,true,
SKU-0449,Indigo Printed Tunic 449,Tunic,Printed Tunic,1084.00,NAVY_BLUE,cotn,XL,VEND-007,CHART-007,2024-10-24T10:00:00+00:00,true,
SKU-0450,Soft Cotton Palazzo 450,Bottom,Palazzo,1329.00,rust,Polyester,S,VEND-006,CHART-006,2023-09-23T10:00:00+00:00,true,
SKU-0451,Soft Cotton Straight Kurti 451,Kurti,Straight Kurti,489.00,Maroon,Linen blend,XS,VEND-005,CHART-005,2024-03-17T10:00:00+00:00,true,
SKU-0452,Jaipur Print Anarkali Kurti 452,Kurti,Anarkali Kurti,753.00,maroon_red,pure cotton,S,VEND-002,CHART-002,2023-03-01T10:00:00+00:00,true,
SKU-0453,Jaipur Print A-line Kurti 453,Kurti,A-line Kurti,1084.00,Indigo,Rayon,XXL,VEND-008,CHART-008,2024-02-11T10:00:00+00:00,true,
SKU-0454,Everyday Midi Dress 454,Dress,Midi Dress,1297.00,Black,cotn,XL,VEND-003,CHART-003,2023-01-28T10:00:00+00:00,true,
SKU-0455,Soft Cotton Maxi Dress 455,Dress,Maxi Dress,425.00,Indigo,Cotton,L,VEND-002,CHART-002,2023-04-05T10:00:00+00:00,true,
SKU-0456,Printed Printed Co-ord 456,Co-ord Set,Printed Co-ord,1498.00,sage,pure cotton,XXL,VEND-007,CHART-007,2023-03-21T10:00:00+00:00,true,
SKU-0457,Festive Everyday Top 457,Top,Everyday Top,732.00,mustard,Viscose,S,VEND-001,CHART-001,2023-09-22T10:00:00+00:00,true,
SKU-0458,Indigo Kurta Set 458,Ethnic Set,Kurta Set,687.00,Ivory,Polyester,XS,VEND-001,CHART-001,2023-01-03T10:00:00+00:00,true,
SKU-0459,Jaipur Print Printed Tunic 459,Tunic,Printed Tunic,598.00,Maroon,Georgette,XS,VEND-004,CHART-004,2024-04-09T10:00:00+00:00,true,
SKU-0460,Soft Cotton Palazzo 460,Bottom,Palazzo,897.00,Mustard Yellow,Chiffon,XXL,VEND-007,CHART-007,2024-04-30T10:00:00+00:00,true,
SKU-0461,Indigo Straight Kurti 461,Kurti,Straight Kurti,456.00,sage,Chiffon,XXL,VEND-010,CHART-010,2023-06-22T10:00:00+00:00,true,
SKU-0462,Indigo Anarkali Kurti 462,Kurti,Anarkali Kurti,940.00,Maroon,pure cotton,M,VEND-012,CHART-012,2023-08-01T10:00:00+00:00,true,
SKU-0463,Soft Cotton A-line Kurti 463,Kurti,A-line Kurti,1225.00,mustard,modal cotton,XXL,VEND-009,CHART-009,2023-07-10T10:00:00+00:00,true,
SKU-0464,Indigo Midi Dress 464,Dress,Midi Dress,793.00,maroon_red,Rayon,S,VEND-006,CHART-006,2024-11-12T10:00:00+00:00,true,
SKU-0465,Printed Maxi Dress 465,Dress,Maxi Dress,591.00,maroon_red,pure cotton,XS,VEND-008,CHART-008,2024-03-25T10:00:00+00:00,true,
SKU-0466,Festive Printed Co-ord 466,Co-ord Set,Printed Co-ord,458.00,Mustard Yellow,rayon blend,S,VEND-009,CHART-009,2023-11-15T10:00:00+00:00,true,
SKU-0467,Everyday Everyday Top 467,Top,Everyday Top,831.00,rust,rayon blend,XXL,VEND-004,CHART-004,2024-06-26T10:00:00+00:00,true,
SKU-0468,Festive Kurta Set 468,Ethnic Set,Kurta Set,1130.00,mustard,rayon blend,S,VEND-007,CHART-007,2023-02-10T10:00:00+00:00,true,
SKU-0469,Jaipur Print Printed Tunic 469,Tunic,Printed Tunic,1078.00,Indigo,Polyester,XXL,VEND-009,CHART-009,2023-06-18T10:00:00+00:00,true,
SKU-0470,Festive Palazzo 470,Bottom,Palazzo,779.00,rust,Chiffon,XL,VEND-008,CHART-008,2022-11-17T10:00:00+00:00,true,
SKU-0471,Printed Straight Kurti 471,Kurti,Straight Kurti,1008.00,rust,Rayon,XS,VEND-006,CHART-006,2024-01-24T10:00:00+00:00,true,
SKU-0472,Soft Cotton Anarkali Kurti 472,Kurti,Anarkali Kurti,1237.00,NAVY_BLUE,Georgette,XS,VEND-007,CHART-007,2024-11-28T10:00:00+00:00,true,
SKU-0473,Indigo A-line Kurti 473,Kurti,A-line Kurti,891.00,mustard,modal cotton,XS,VEND-007,CHART-007,2023-10-12T10:00:00+00:00,true,
SKU-0474,Soft Cotton Midi Dress 474,Dress,Midi Dress,570.00,Sage Green,cotn,M,VEND-008,CHART-008,2023-11-04T10:00:00+00:00,true,
SKU-0475,Jaipur Print Maxi Dress 475,Dress,Maxi Dress,493.00,sage,Linen blend,XXL,VEND-003,CHART-003,2023-07-15T10:00:00+00:00,true,
SKU-0476,Festive Printed Co-ord 476,Co-ord Set,Printed Co-ord,498.00,maroon_red,Georgette,S,VEND-009,CHART-009,2023-09-03T10:00:00+00:00,true,
SKU-0477,Festive Everyday Top 477,Top,Everyday Top,810.00,Black,Viscose,XL,VEND-004,CHART-004,2023-03-24T10:00:00+00:00,true,
SKU-0478,Festive Kurta Set 478,Ethnic Set,Kurta Set,408.00,NAVY_BLUE,Viscose,XL,VEND-001,CHART-001,2024-05-08T10:00:00+00:00,true,
SKU-0479,Soft Cotton Printed Tunic 479,Tunic,Printed Tunic,754.00,Black,pure cotton,XS,VEND-007,CHART-007,2023-06-19T10:00:00+00:00,true,
SKU-0480,Printed Palazzo 480,Bottom,Palazzo,1097.00,Sage Green,cotn,S,VEND-012,CHART-012,2024-07-22T10:00:00+00:00,true,
SKU-0481,Everyday Straight Kurti 481,Kurti,Straight Kurti,431.00,navy,Chiffon,S,VEND-009,CHART-009,2024-01-18T10:00:00+00:00,true,
SKU-0482,Jaipur Print Anarkali Kurti 482,Kurti,Anarkali Kurti,772.00,Black,Polyester,S,VEND-004,CHART-004,2023-05-17T10:00:00+00:00,true,
SKU-0483,Printed A-line Kurti 483,Kurti,A-line Kurti,1338.00,NAVY_BLUE,cotn,S,VEND-007,CHART-007,2023-05-23T10:00:00+00:00,true,
SKU-0484,Soft Cotton Midi Dress 484,Dress,Midi Dress,1437.00,Mustard Yellow,modal cotton,S,VEND-009,CHART-009,2023-01-12T10:00:00+00:00,true,
SKU-0485,Jaipur Print Maxi Dress 485,Dress,Maxi Dress,816.00,Terracotta,modal cotton,XXL,VEND-001,CHART-001,2023-09-16T10:00:00+00:00,true,
SKU-0486,Soft Cotton Printed Co-ord 486,Co-ord Set,Printed Co-ord,1055.00,sage,Rayon,XS,VEND-005,CHART-005,2023-04-17T10:00:00+00:00,true,
SKU-0487,Everyday Everyday Top 487,Top,Everyday Top,1234.00,Sage Green,pure cotton,XL,VEND-006,CHART-006,2023-08-07T10:00:00+00:00,true,
SKU-0488,Everyday Kurta Set 488,Ethnic Set,Kurta Set,1435.00,maroon_red,Chiffon,XL,VEND-006,CHART-006,2024-11-21T10:00:00+00:00,true,
SKU-0489,Everyday Printed Tunic 489,Tunic,Printed Tunic,948.00,Sage Green,Chiffon,XXL,VEND-011,CHART-011,2024-10-03T10:00:00+00:00,true,
SKU-0490,Printed Palazzo 490,Bottom,Palazzo,693.00,Indigo,Polyester,XL,VEND-010,CHART-010,2023-06-30T10:00:00+00:00,true,
SKU-0491,Jaipur Print Straight Kurti 491,Kurti,Straight Kurti,1035.00,rust,Georgette,S,VEND-001,CHART-001,2024-04-24T10:00:00+00:00,true,
SKU-0492,Festive Anarkali Kurti 492,Kurti,Anarkali Kurti,1423.00,sage,Polyester,XS,VEND-009,CHART-009,2024-05-23T10:00:00+00:00,true,
SKU-0493,Soft Cotton A-line Kurti 493,Kurti,A-line Kurti,442.00,Terracotta,Rayon,XXL,VEND-006,CHART-006,2024-07-18T10:00:00+00:00,true,
SKU-0494,Everyday Midi Dress 494,Dress,Midi Dress,542.00,rust,Viscose,L,VEND-004,CHART-004,2023-12-10T10:00:00+00:00,true,
SKU-0495,Jaipur Print Maxi Dress 495,Dress,Maxi Dress,689.00,Terracotta,pure cotton,M,VEND-002,CHART-002,2024-09-09T10:00:00+00:00,true,
SKU-0496,Jaipur Print Printed Co-ord 496,Co-ord Set,Printed Co-ord,1399.00,Black,Cotton,XL,VEND-004,CHART-004,2022-11-20T10:00:00+00:00,true,
SKU-0497,Festive Everyday Top 497,Top,Everyday Top,503.00,Mustard Yellow,pure cotton,XXL,VEND-006,CHART-006,2022-11-29T10:00:00+00:00,true,
SKU-0498,Soft Cotton Kurta Set 498,Ethnic Set,Kurta Set,803.00,Navy Blue,Viscose,XS,VEND-012,CHART-012,2024-11-03T10:00:00+00:00,true,
SKU-0499,Indigo Printed Tunic 499,Tunic,Printed Tunic,1366.00,Maroon,modal cotton,L,VEND-007,CHART-007,2023-11-05T10:00:00+00:00,true,
SKU-0500,Everyday Palazzo 500,Bottom,Palazzo,402.00,Sage Green,Linen blend,S,VEND-002,CHART-002,2024-10-21T10:00:00+00:00,true,
