vendor_id,vendor_name,city,lead_time_days
VEND-001,Kaveri Knitwear Works,Tiruppur,13
VEND-002,Sri Amman Apparels,Tiruppur,12
VEND-003,Blue Loom Garments,Tiruppur,19
VEND-004,Kongu Cotton Studio,Tiruppur,20
VEND-005,Nila Textiles,Tiruppur,19
VEND-006,South Weave Collective,Tiruppur,10
VEND-007,Rangrez Craft House,Jaipur,23
VEND-008,Pink City Prints,Jaipur,18
VEND-009,Mewar Ethnic Wear,Jaipur,16
VEND-010,Gulabi Block Prints,Jaipur,23
VEND-011,Anokhi Stitchworks,Jaipur,16
VEND-012,Aravali Garments,Jaipur,8
