po_id,vendor_id,sku_id,quantity_ordered,order_date,expected_delivery_date,actual_delivery_date,po_status
PO-001,VEND-001,SKU-0017,248,2026-06-20T10:00:00+00:00,2026-07-03T10:00:00+00:00,2026-07-10T10:00:00+00:00,Fulfilled
PO-002,VEND-009,SKU-0089,395,2026-05-10T10:00:00+00:00,2026-05-26T10:00:00+00:00,2026-06-02T10:00:00+00:00,Fulfilled
PO-003,VEND-008,SKU-0140,208,2025-04-08T10:00:00+00:00,2025-04-26T10:00:00+00:00,2025-04-25T10:00:00+00:00,Fulfilled
PO-004,VEND-001,SKU-0017,134,2025-08-14T10:00:00+00:00,2025-08-27T10:00:00+00:00,2025-08-27T10:00:00+00:00,Fulfilled
PO-005,VEND-007,SKU-0283,294,2025-05-07T10:00:00+00:00,2025-05-30T10:00:00+00:00,2025-05-29T10:00:00+00:00,Fulfilled
PO-006,VEND-011,SKU-0290,307,2026-08-05T10:00:00+00:00,2026-08-21T10:00:00+00:00,2026-08-22T10:00:00+00:00,Fulfilled
PO-007,VEND-010,SKU-0343,75,2025-07-28T10:00:00+00:00,2025-08-20T10:00:00+00:00,,In Transit
PO-008,VEND-005,SKU-0018,58,2025-08-29T10:00:00+00:00,2025-09-17T10:00:00+00:00,2025-09-24T10:00:00+00:00,Fulfilled
PO-009,VEND-001,SKU-0458,387,2025-05-17T10:00:00+00:00,2025-05-30T10:00:00+00:00,2025-05-28T10:00:00+00:00,Fulfilled
PO-010,VEND-001,SKU-0351,376,2025-09-19T10:00:00+00:00,2025-10-02T10:00:00+00:00,2025-10-02T10:00:00+00:00,Fulfilled
PO-011,VEND-002,SKU-0039,54,2026-02-19T10:00:00+00:00,2026-03-03T10:00:00+00:00,2026-03-02T10:00:00+00:00,Fulfilled
PO-012,VEND-012,SKU-0183,21,2025-10-02T10:00:00+00:00,2025-10-10T10:00:00+00:00,2025-10-11T10:00:00+00:00,Fulfilled
PO-013,VEND-002,SKU-0405,355,2026-08-22T10:00:00+00:00,2026-09-03T10:00:00+00:00,2026-09-10T10:00:00+00:00,Fulfilled
PO-014,VEND-006,SKU-0375,299,2026-06-15T10:00:00+00:00,2026-06-25T10:00:00+00:00,,In Transit
PO-015,VEND-010,SKU-0343,94,2025-11-19T10:00:00+00:00,2025-12-12T10:00:00+00:00,2025-12-11T10:00:00+00:00,Fulfilled
PO-016,VEND-008,SKU-0021,393,2025-11-15T10:00:00+00:00,2025-12-03T10:00:00+00:00,2025-12-10T10:00:00+00:00,Fulfilled
PO-017,VEND-009,SKU-0186,365,2026-05-02T10:00:00+00:00,2026-05-18T10:00:00+00:00,2026-05-25T10:00:00+00:00,Fulfilled
PO-018,VEND-009,SKU-0364,162,2025-03-20T10:00:00+00:00,2025-04-05T10:00:00+00:00,2025-04-12T10:00:00+00:00,Fulfilled
PO-019,VEND-006,SKU-0060,396,2025-01-14T10:00:00+00:00,2025-01-24T10:00:00+00:00,2025-01-25T10:00:00+00:00,Fulfilled
PO-020,VEND-009,SKU-0282,63,2025-11-17T10:00:00+00:00,2025-12-03T10:00:00+00:00,2025-12-01T10:00:00+00:00,Fulfilled
PO-021,VEND-010,SKU-0293,198,2025-02-22T10:00:00+00:00,2025-03-17T10:00:00+00:00,,In Transit
PO-022,VEND-012,SKU-0462,225,2026-03-21T10:00:00+00:00,2026-03-29T10:00:00+00:00,2026-03-29T10:00:00+00:00,Fulfilled
PO-023,VEND-011,SKU-0092,215,2025-04-07T10:00:00+00:00,2025-04-23T10:00:00+00:00,2025-04-30T10:00:00+00:00,Fulfilled
PO-024,VEND-001,SKU-0443,73,2025-09-23T10:00:00+00:00,2025-10-06T10:00:00+00:00,2025-10-04T10:00:00+00:00,Fulfilled
PO-025,VEND-002,SKU-0315,88,2025-12-09T10:00:00+00:00,2025-12-21T10:00:00+00:00,2025-12-21T10:00:00+00:00,Fulfilled
PO-026,VEND-003,SKU-0454,61,2025-09-07T10:00:00+00:00,2025-09-26T10:00:00+00:00,2025-09-26T10:00:00+00:00,Fulfilled
PO-027,VEND-003,SKU-0440,312,2025-06-23T10:00:00+00:00,2025-07-12T10:00:00+00:00,2025-07-19T10:00:00+00:00,Fulfilled
PO-028,VEND-005,SKU-0080,170,2026-02-14T10:00:00+00:00,2026-03-05T10:00:00+00:00,,In Transit
PO-029,VEND-009,SKU-0126,330,2026-06-08T10:00:00+00:00,2026-06-24T10:00:00+00:00,2026-06-27T10:00:00+00:00,Fulfilled
PO-030,VEND-002,SKU-0227,162,2025-08-17T10:00:00+00:00,2025-08-29T10:00:00+00:00,2025-08-29T10:00:00+00:00,Fulfilled
PO-031,VEND-011,SKU-0110,287,2025-02-15T10:00:00+00:00,2025-03-03T10:00:00+00:00,2025-03-04T10:00:00+00:00,Fulfilled
PO-032,VEND-012,SKU-0376,59,2025-04-09T10:00:00+00:00,2025-04-17T10:00:00+00:00,2025-04-20T10:00:00+00:00,Fulfilled
PO-033,VEND-011,SKU-0258,334,2026-07-19T10:00:00+00:00,2026-08-04T10:00:00+00:00,2026-08-05T10:00:00+00:00,Fulfilled
PO-034,VEND-003,SKU-0030,244,2026-02-28T10:00:00+00:00,2026-03-19T10:00:00+00:00,2026-03-18T10:00:00+00:00,Fulfilled
PO-035,VEND-011,SKU-0187,363,2025-01-25T10:00:00+00:00,2025-02-10T10:00:00+00:00,,In Transit
PO-036,VEND-007,SKU-0024,371,2026-06-23T10:00:00+00:00,2026-07-16T10:00:00+00:00,2026-07-14T10:00:00+00:00,Fulfilled
PO-037,VEND-001,SKU-0351,34,2026-06-24T10:00:00+00:00,2026-07-07T10:00:00+00:00,2026-07-14T10:00:00+00:00,Fulfilled
PO-038,VEND-005,SKU-0384,346,2025-10-01T10:00:00+00:00,2025-10-20T10:00:00+00:00,2025-10-27T10:00:00+00:00,Fulfilled
PO-039,VEND-011,SKU-0415,270,2026-05-26T10:00:00+00:00,2026-06-11T10:00:00+00:00,2026-06-11T10:00:00+00:00,Fulfilled
PO-040,VEND-007,SKU-0121,332,2025-08-08T10:00:00+00:00,2025-08-31T10:00:00+00:00,2025-08-30T10:00:00+00:00,Fulfilled
PO-041,VEND-012,SKU-0498,272,2026-04-12T10:00:00+00:00,2026-04-20T10:00:00+00:00,2026-04-20T10:00:00+00:00,Fulfilled
PO-042,VEND-001,SKU-0458,297,2025-01-26T10:00:00+00:00,2025-02-08T10:00:00+00:00,,In Transit
PO-043,VEND-005,SKU-0167,369,2025-04-08T10:00:00+00:00,2025-04-27T10:00:00+00:00,2025-05-04T10:00:00+00:00,Fulfilled
PO-044,VEND-003,SKU-0168,105,2025-08-26T10:00:00+00:00,2025-09-14T10:00:00+00:00,2025-09-13T10:00:00+00:00,Fulfilled
PO-045,VEND-001,SKU-0323,120,2026-02-25T10:00:00+00:00,2026-03-10T10:00:00+00:00,2026-03-11T10:00:00+00:00,Fulfilled
PO-046,VEND-006,SKU-0341,307,2025-06-01T10:00:00+00:00,2025-06-11T10:00:00+00:00,2025-06-09T10:00:00+00:00,Fulfilled
PO-047,VEND-004,SKU-0446,286,2026-07-24T10:00:00+00:00,2026-08-13T10:00:00+00:00,2026-08-20T10:00:00+00:00,Fulfilled
PO-048,VEND-012,SKU-0480,76,2025-01-21T10:00:00+00:00,2025-01-29T10:00:00+00:00,2025-01-28T10:00:00+00:00,Fulfilled
PO-049,VEND-009,SKU-0127,145,2026-04-05T10:00:00+00:00,2026-04-21T10:00:00+00:00,,In Transit
PO-050,VEND-009,SKU-0476,117,2026-08-03T10:00:00+00:00,2026-08-19T10:00:00+00:00,2026-08-22T10:00:00+00:00,Fulfilled
